plant_name,lat,lon,state,eaf_capacity,municipality,subregion,subregion_name,co2e_lb_per_mwh,region,emissions_intensity_co2e_lb_per_tonne,eaf_capacity_tonnes_of_steel_per_week,2021-02-06,2021-02-13,2021-02-20,2021-02-27,2021-03-06,2021-03-13,2021-03-20,2021-03-27,2021-04-03,2021-04-10,2021-04-17,2021-04-24,2021-05-01,2021-05-08,2021-05-15,2021-05-22,2021-05-29,2021-06-05,2021-06-12,2021-06-19,2021-06-26,2021-07-03,2021-07-10,2021-07-17,2021-07-24,2021-07-31,2021-08-07,2021-08-14,2021-08-21,2021-08-28,2021-09-04,2021-09-11,2021-09-18,2021-09-25,2021-10-02,2021-10-09,2021-10-16,2021-10-23,2021-10-30,2021-11-06,2021-11-13,2021-11-20,2021-11-27,2021-12-04,2021-12-11,2021-12-18,2021-12-25,2022-01-01
SSAB Americas Alabama steel plant,30.941783, -88.012437,Alabama,1250,Axis,SRSO,SERC South,1195.85,Southern,849.06,24038.46,8100.86,8295.37,8009.32,8180.95,8467,8409.79,8283.93,8146.63,8489.88,8467,8547.09,8512.77,8650.07,8615.74,8775.93,8718.72,9073.42,9004.77,9084.86,8959,8981.88,8833.14,9199.28,9187.84,9176.4,9325.14,9176.4,9142.07,9325.14,9279.37,8821.7,8993.32,8878.91,8993.32,8856.02,8787.37,9016.21,8947.56,8936.12,8878.91,8947.56,9004.77,8787.37,8558.53,8512.77,8524.21,8215.28,8089.42
CMC Alabama steel plant,33.534372, -86.75773,Alabama,653,Birmingham,SRSO,SERC South,1195.85,Southern,849.06,12557.69,4231.89,4333.5,4184.07,4273.73,4423.16,4393.27,4327.52,4255.8,4435.11,4423.16,4465,4447.07,4518.8,4500.86,4584.55,4554.66,4739.95,4704.09,4745.93,4680.18,4692.14,4614.43,4805.7,4799.73,4793.75,4871.45,4793.75,4775.82,4871.45,4847.54,4608.45,4698.11,4638.34,4698.11,4626.39,4590.52,4710.07,4674.2,4668.23,4638.34,4674.2,4704.09,4590.52,4470.98,4447.07,4453.05,4291.66,4225.91
Outokumpu Stainless USA steel plant,31.148179, -87.988660,Alabama,1000,Calvert,SRSO,SERC South,1195.85,Southern,849.06,19230.77,6480.69,6636.3,6407.46,6544.76,6773.6,6727.83,6627.14,6517.3,6791.91,6773.6,6837.67,6810.21,6920.05,6892.59,7020.74,6974.98,7258.73,7203.81,7267.89,7167.2,7185.51,7066.51,7359.42,7350.27,7341.12,7460.11,7341.12,7313.66,7460.11,7423.5,7057.36,7194.66,7103.12,7194.66,7084.82,7029.9,7212.97,7158.05,7148.89,7103.12,7158.05,7203.81,7029.9,6846.83,6810.21,6819.37,6572.22,6471.53
U.S. Steel Fairfield plant,33.480697, -86.937854,Alabama,1600,Fairfield,SRSO,SERC South,1195.85,Southern,849.06,30769.23,10369.1,10618.07,10251.93,10471.62,10837.76,10764.53,10603.43,10427.68,10867.05,10837.76,10940.28,10896.34,11072.09,11028.15,11233.19,11159.96,11613.98,11526.1,11628.62,11467.52,11496.81,11306.42,11775.08,11760.43,11745.79,11936.18,11745.79,11701.85,11936.18,11877.6,11291.77,11511.46,11365,11511.46,11335.71,11247.83,11540.75,11452.87,11438.23,11365,11452.87,11526.1,11247.83,10954.92,10896.34,10910.99,10515.55,10354.45
Nucor Steel Decatur plant,34.639630, -87.085738,Alabama,2268,Trinity,SRTV,SERC Tennessee Valley,1597.81,Southern,1134.44,43615.38,19638.58,20110.13,19416.68,19832.75,20526.2,20387.51,20082.39,19749.54,20581.68,20526.2,20720.37,20637.16,20970.01,20886.8,21275.13,21136.44,21996.32,21829.9,22024.06,21718.94,21774.42,21413.82,22301.44,22273.71,22245.97,22606.56,22245.97,22162.75,22606.56,22495.61,21386.09,21802.16,21524.78,21802.16,21469.3,21302.87,21857.63,21691.21,21663.47,21524.78,21691.21,21829.9,21302.87,20748.11,20637.16,20664.89,19915.97,19610.85
Nucor Steel Tuscaloosa plant,33.234761, -87.508498,Alabama,1200,Tuscaloosa,SRSO,SERC South,1195.85,Southern,849.06,23076.92,7776.82,7963.55,7688.95,7853.71,8128.32,8073.4,7952.57,7820.76,8150.29,8128.32,8205.21,8172.25,8304.07,8271.11,8424.89,8369.97,8710.48,8644.58,8721.47,8600.64,8622.61,8479.81,8831.31,8820.32,8809.34,8952.13,8809.34,8776.39,8952.13,8908.2,8468.83,8633.59,8523.75,8633.59,8501.78,8435.88,8655.56,8589.65,8578.67,8523.75,8589.65,8644.58,8435.88,8216.19,8172.25,8183.24,7886.67,7765.84
CMC Arizona steel plant,33.285828, -111.586561,Arizona,354,Mesa,AZNM,WECC Southwest,1302.81,Western,924.99,6807.69,2258.25,2454.62,2356.44,2421.89,2290.98,2061.88,1996.42,2487.35,2323.71,2258.25,2389.16,2323.71,2323.71,2487.35,2552.81,2618.26,2421.89,2454.62,2421.89,2520.08,2389.16,2487.35,2487.35,2585.53,2454.62,2421.89,2454.62,2389.16,2487.35,2421.89,2454.62,2618.26,2487.35,2290.98,2487.35,2618.26,2650.99,2487.35,2585.53,2552.81,2454.62,2520.08,2454.62,2487.35,2552.81,2421.89,2290.98,2258.25
Nucor Steel Hickman plant,35.901162, -89.776190,Arkansas,2450,Armorel,SRMV,SERC Mississippi Valley,1059.86,Southern,752.5,47115.38,14071.98,14409.87,13912.98,14211.11,14708.01,14608.63,14390,14151.49,14747.76,14708.01,14847.14,14787.51,15026.02,14966.39,15244.65,15145.27,15761.42,15642.16,15781.29,15562.66,15602.41,15344.03,15980.05,15960.17,15940.3,16198.68,15940.3,15880.67,16198.68,16119.18,15324.15,15622.29,15423.53,15622.29,15383.78,15264.53,15662.04,15542.79,15522.91,15423.53,15542.79,15642.16,15264.53,14867.01,14787.51,14807.39,14270.74,14052.11
Nucor-Yamato Steel Blytheville plant,35.941421, -89.713819,Arkansas,2632,Blytheville,SRTV,SERC Tennessee Valley,1597.81,Southern,1134.44,50615.38,22790.46,23337.68,22532.94,23015.79,23820.53,23659.58,23305.49,22919.22,23884.91,23820.53,24045.86,23949.29,24335.57,24239,24689.66,24528.71,25526.6,25333.46,25558.79,25204.7,25269.08,24850.61,25880.69,25848.5,25816.31,26234.78,25816.31,25719.74,26234.78,26106.02,24818.42,25301.27,24979.37,25301.27,24914.99,24721.85,25365.65,25172.51,25140.32,24979.37,25172.51,25333.46,24721.85,24078.05,23949.29,23981.48,23112.36,22758.27
Gerdau Fort Smith steel plant,35.307055, -94.372912,Arkansas,550,Fort Smith,SRMV,SERC Mississippi Valley,1059.86,Southern,752.5,10576.92,3159.02,3234.87,3123.32,3190.25,3301.8,3279.49,3230.41,3176.86,3310.72,3301.8,3333.03,3319.64,3373.19,3359.8,3422.27,3399.96,3538.28,3511.51,3542.74,3493.66,3502.58,3444.58,3587.36,3582.9,3578.43,3636.44,3578.43,3565.05,3636.44,3618.59,3440.12,3507.04,3462.43,3507.04,3453.5,3426.73,3515.97,3489.2,3484.73,3462.43,3489.2,3511.51,3426.73,3337.49,3319.64,3324.11,3203.64,3154.56
U.S. Steel Big River Steel plant,35.644264, -89.941659,Arkansas,3300,Osceola,SRMV,SERC Mississippi Valley,1059.86,Southern,752.5,63461.54,18954.1,19409.21,18739.93,19141.5,19810.78,19676.93,19382.44,19061.19,19864.33,19810.78,19998.18,19917.87,20239.13,20158.81,20533.61,20399.75,21229.66,21069.04,21256.44,20961.95,21015.49,20667.47,21524.15,21497.38,21470.61,21818.63,21470.61,21390.29,21818.63,21711.55,20640.7,21042.27,20774.55,21042.27,20721.01,20560.38,21095.81,20935.18,20908.41,20774.55,20935.18,21069.04,20560.38,20024.96,19917.87,19944.64,19221.82,18927.33
Evraz Pueblo steel plant,38.225770, -104.607895,Colorado,1100,Pueblo,RMPA,WECC Rockies,1851.16,Western,1314.33,21153.85,9970.72,10837.74,10404.23,10693.23,10115.22,9103.7,8814.69,10982.24,10259.72,9970.72,10548.73,10259.72,10259.72,10982.24,11271.25,11560.25,10693.23,10837.74,10693.23,11126.74,10548.73,10982.24,10982.24,11415.75,10837.74,10693.23,10837.74,10548.73,10982.24,10693.23,10837.74,11560.25,10982.24,10115.22,10982.24,11560.25,11704.75,10982.24,11415.75,11271.25,10837.74,11126.74,10837.74,10982.24,11271.25,10693.23,10115.22,9970.72
CMC Steel Florida plant,30.282907, -81.978735,Florida,949,Jacksonville,FRCC,FRCC All,990.57,Southern,703.3,18250,5094.4,5216.73,5036.84,5144.77,5324.66,5288.68,5209.53,5123.19,5339.05,5324.66,5375.03,5353.44,5439.79,5418.2,5518.94,5482.96,5706.02,5662.85,5713.22,5634.06,5648.46,5554.91,5785.17,5777.97,5770.78,5864.32,5770.78,5749.19,5864.32,5835.54,5547.72,5655.65,5583.7,5655.65,5569.31,5526.13,5670.04,5626.87,5619.67,5583.7,5626.87,5662.85,5526.13,5382.22,5353.44,5360.64,5166.36,5087.21
Gerdau Cartersville steel plant,34.241226, -84.799539,Georgia,908,Cartersville,SRSO,SERC South,1195.85,Southern,849.06,17461.54,5884.46,6025.76,5817.97,5942.64,6150.43,6108.87,6017.45,5917.71,6167.05,6150.43,6208.61,6183.67,6283.41,6258.48,6374.83,6333.28,6590.93,6541.06,6599.24,6507.82,6524.44,6416.39,6682.36,6674.04,6665.73,6773.78,6665.73,6640.8,6773.78,6740.54,6408.08,6532.75,6449.64,6532.75,6433.01,6383.15,6549.37,6499.51,6491.19,6449.64,6499.51,6541.06,6383.15,6216.92,6183.67,6191.98,5967.58,5876.15
Alton Steel plant,38.884465, -90.14579,Illinois,680.39,Alton,SRMW,SERC Midwest,1969.28,Midwest,1398.19,13084.4,4800.12,4984.74,4826.5,4773.75,4721,4800.12,4852.87,4984.74,4852.87,4615.5,4826.5,4984.74,4879.25,4747.38,4932,4852.87,4932,5090.24,5169.37,5116.62,5169.37,5327.61,5037.49,5248.49,5274.86,5248.49,5169.37,5327.61,5301.24,5222.11,5090.24,5380.36,5406.73,5327.61,5169.37,5037.49,5142.99,5301.24,5380.36,5248.49,5353.99,5406.73,5248.49,5301.24,5433.11,5301.24,5222.11,5195.74
Nucor Steel Kankakee plant,41.180734, -87.856196,Illinois,794,Bourbonnais,RFCW,RFC West,1621.12,Great Lakes,1151,15269.23,5613.24,5613.24,5969.34,5847.52,5706.95,5875.63,5810.04,5781.92,5716.33,5838.15,5650.73,5725.7,5772.55,5763.18,5772.55,5819.41,5950.6,6053.68,5875.63,5941.23,6044.31,6072.42,6016.2,5922.49,6016.2,5922.49,6006.83,5978.71,5959.97,5978.71,6091.17,5978.71,6006.83,6091.17,6081.8,5978.71,5988.09,5950.6,5791.29,5735.07,5800.66,5781.92,5856.89,5791.29,5819.41,5800.66,5959.97,5894.37
Finkl Steel Chicago plant,41.724915, -87.589968,Illinois,573,Chicago,RFCW,RFC West,1621.12,Great Lakes,1151,11019.23,4050.87,4050.87,4307.85,4219.94,4118.49,4240.22,4192.88,4172.6,4125.26,4213.17,4077.92,4132.02,4165.83,4159.07,4165.83,4199.65,4294.33,4368.72,4240.22,4287.56,4361.95,4382.24,4341.66,4274.04,4341.66,4274.04,4334.9,4314.61,4301.09,4314.61,4395.77,4314.61,4334.9,4395.77,4389,4314.61,4321.38,4294.33,4179.36,4138.78,4186.12,4172.6,4226.7,4179.36,4199.65,4186.12,4301.09,4253.75
Liberty Steel & Wire Peoria plant,41.513249, -87.621438,Illinois,725,Peoria,RFCW,RFC West,1621.12,Midwest,1151,13942.31,4210.57,4372.52,4233.71,4187.44,4141.17,4210.57,4256.84,4372.52,4256.84,4048.63,4233.71,4372.52,4279.98,4164.3,4326.25,4256.84,4326.25,4465.06,4534.46,4488.19,4534.46,4673.28,4418.79,4603.87,4627.01,4603.87,4534.46,4673.28,4650.14,4580.73,4465.06,4719.55,4742.68,4673.28,4534.46,4418.79,4511.33,4650.14,4719.55,4603.87,4696.41,4742.68,4603.87,4650.14,4765.82,4650.14,4580.73,4557.6
Leggett & Platt Sterling Steel plant,41.785971, -89.710947,Illinois,1698,Sterling,RFCW,RFC West,1621.12,Midwest,1151,32653.85,9861.46,10240.74,9915.64,9807.27,9698.9,9861.46,9969.82,10240.74,9969.82,9482.17,9915.64,10240.74,10024.01,9753.09,10132.38,9969.82,10132.38,10457.48,10620.03,10511.66,10620.03,10945.13,10349.11,10782.58,10836.76,10782.58,10620.03,10945.13,10890.95,10728.4,10457.48,11053.5,11107.68,10945.13,10620.03,10349.11,10565.85,10890.95,11053.5,10782.58,10999.32,11107.68,10782.58,10890.95,11161.87,10890.95,10728.4,10674.21
Steel Dynamics Butler plant,41.370640, -84.917454,Indiana,3000,Butler,RFCW,RFC West,1621.12,Great Lakes,1151,57692.31,21208.73,21208.73,22554.19,22093.9,21562.8,22200.12,21952.28,21846.06,21598.21,22058.5,21350.36,21633.61,21810.65,21775.24,21810.65,21987.68,22483.38,22872.86,22200.12,22447.97,22837.45,22943.67,22731.23,22377.16,22731.23,22377.16,22695.82,22589.6,22518.79,22589.6,23014.48,22589.6,22695.82,23014.48,22979.08,22589.6,22625.01,22483.38,21881.46,21669.02,21916.87,21846.06,22129.31,21881.46,21987.68,21916.87,22518.79,22270.94
Steel Dynamics Columbia City plant,41.121613, -85.348602,Indiana,2000,Columbia City,RFCW,RFC West,1621.12,Great Lakes,1151,38461.54,14139.15,14139.15,15036.13,14729.27,14375.2,14800.08,14634.85,14564.04,14398.8,14705.66,14233.57,14422.41,14540.43,14516.83,14540.43,14658.46,14988.92,15248.57,14800.08,14965.32,15224.97,15295.78,15154.15,14918.11,15154.15,14918.11,15130.55,15059.73,15012.52,15059.73,15342.99,15059.73,15130.55,15342.99,15319.38,15059.73,15083.34,14988.92,14587.64,14446.01,14611.25,14564.04,14752.87,14587.64,14658.46,14611.25,15012.52,14847.29
Nucor Steel Crawfordsville plant,39.976379, -86.830727,Indiana,2304,Crawfordsville,RFCW,RFC West,1621.12,Great Lakes,1151,44307.69,16288.31,16288.31,17321.62,16968.12,16560.23,17049.7,16859.35,16777.77,16587.42,16940.93,16397.08,16614.62,16750.58,16723.39,16750.58,16886.54,17267.24,17566.35,17049.7,17240.04,17539.16,17620.74,17457.58,17185.66,17457.58,17185.66,17430.39,17348.81,17294.43,17348.81,17675.12,17348.81,17430.39,17675.12,17647.93,17348.81,17376.01,17267.24,16804.96,16641.81,16832.16,16777.77,16995.31,16804.96,16886.54,16832.16,17294.43,17104.08
Cleveland-Cliffs Indiana Harbor steel plant,41.669553, -87.438429,Indiana,454,East Chicago,RFCW,RFC West,1621.12,Great Lakes,1151,8730.77,3209.59,3209.59,3413.2,3343.54,3263.17,3359.62,3322.11,3306.04,3268.53,3338.19,3231.02,3273.89,3300.68,3295.32,3300.68,3327.47,3402.48,3461.43,3359.62,3397.13,3456.07,3472.14,3439.99,3386.41,3439.99,3386.41,3434.63,3418.56,3407.84,3418.56,3482.86,3418.56,3434.63,3482.86,3477.5,3418.56,3423.92,3402.48,3311.39,3279.25,3316.75,3306.04,3348.9,3311.39,3327.47,3316.75,3407.84,3370.34
Steel Dynamics Engineered Bar Products steel plant,39.875508, -86.484214,Indiana,725,Pittsboro,RFCW,RFC West,1621.12,Great Lakes,1151,13942.31,5125.44,5125.44,5450.6,5339.36,5211.01,5365.03,5305.13,5279.46,5219.57,5330.8,5159.67,5228.12,5270.91,5262.35,5270.91,5313.69,5433.48,5527.61,5365.03,5424.93,5519.05,5544.72,5493.38,5407.81,5493.38,5407.81,5484.82,5459.15,5442.04,5459.15,5561.83,5459.15,5484.82,5561.83,5553.28,5459.15,5467.71,5433.48,5288.02,5236.68,5296.58,5279.46,5347.92,5288.02,5313.69,5296.58,5442.04,5382.14
NLMK Indiana steel plant,41.625912, -87.159989,Indiana,770,Portage,RFCW,RFC West,1621.12,Great Lakes,1151,14807.69,5443.57,5443.57,5788.91,5670.77,5534.45,5698.03,5634.42,5607.15,5543.54,5661.68,5479.93,5552.63,5598.07,5588.98,5598.07,5643.51,5770.73,5870.7,5698.03,5761.65,5861.61,5888.88,5834.35,5743.47,5834.35,5743.47,5825.26,5798,5779.82,5798,5907.05,5798,5825.26,5907.05,5897.96,5798,5807.09,5770.73,5616.24,5561.72,5625.33,5607.15,5679.86,5616.24,5643.51,5625.33,5779.82,5716.21
SSAB Americas Iowa steel plant,41.482009, -90.820921,Iowa,1250,Muscatine,MROW,MRO West,1948.27,Midwest,1383.27,24038.46,8724.62,9060.18,8772.56,8676.68,8580.81,8724.62,8820.5,9060.18,8820.5,8389.06,8772.56,9060.18,8868.43,8628.75,8964.31,8820.5,8964.31,9251.93,9395.75,9299.87,9395.75,9683.37,9156.06,9539.56,9587.5,9539.56,9395.75,9683.37,9635.43,9491.62,9251.93,9779.25,9827.18,9683.37,9395.75,9156.06,9347.81,9635.43,9779.25,9539.56,9731.31,9827.18,9539.56,9635.43,9875.12,9635.43,9491.62,9443.68
Nucor Steel Brandenburg plant,37.9999454, -86.1398738,Kentucky,1089,Brandenburg,SRTV,SERC Tennessee Valley,1597.81,Midwest,1134.44,20942.31,6233.62,6473.37,6267.87,6199.37,6130.87,6233.62,6302.12,6473.37,6302.12,5993.86,6267.87,6473.37,6336.37,6165.12,6404.87,6302.12,6404.87,6610.37,6713.13,6644.62,6713.13,6918.63,6541.87,6815.88,6850.13,6815.88,6713.13,6918.63,6884.38,6781.63,6610.37,6987.13,7021.38,6918.63,6713.13,6541.87,6678.88,6884.38,6987.13,6815.88,6952.88,7021.38,6815.88,6884.38,7055.63,6884.38,6781.63,6747.38
North American Stainless steel plant,38.725418, -85.076015,Kentucky,1600,Ghent,SRTV,SERC Tennessee Valley,1597.81,Midwest,1134.44,30769.23,9158.67,9510.92,9208.99,9108.34,9007.7,9158.67,9259.31,9510.92,9259.31,8806.41,9208.99,9510.92,9309.63,9058.02,9410.28,9259.31,9410.28,9712.21,9863.18,9762.53,9863.18,10165.11,9611.57,10014.15,10064.47,10014.15,9863.18,10165.11,10114.79,9963.82,9712.21,10265.76,10316.08,10165.11,9863.18,9611.57,9812.86,10114.79,10265.76,10014.15,10215.44,10316.08,10014.15,10114.79,10366.4,10114.79,9963.82,9913.5
Nucor Steel Gallatin plant EAF expansion,38.759878, -84.996204,Kentucky,1271,Ghent,SRTV,SERC Tennessee Valley,1597.81,Midwest,1134.44,24442.31,7275.42,7555.24,7315.39,7235.44,7155.49,7275.42,7355.37,7555.24,7355.37,6995.59,7315.39,7555.24,7395.34,7195.47,7475.29,7355.37,7475.29,7715.14,7835.06,7755.11,7835.06,8074.91,7635.19,7954.99,7994.96,7954.99,7835.06,8074.91,8034.94,7915.01,7715.14,8154.86,8194.84,8074.91,7835.06,7635.19,7795.09,8034.94,8154.86,7954.99,8114.89,8194.84,7954.99,8034.94,8234.81,8034.94,7915.01,7875.04
Nucor Steel Gallatin plant,38.759878, -84.996204,Kentucky,1452,Ghent,SRTV,SERC Tennessee Valley,1597.81,Midwest,1134.44,27923.08,8311.49,8631.16,8357.16,8265.82,8174.49,8311.49,8402.82,8631.16,8402.82,7991.82,8357.16,8631.16,8448.49,8220.15,8539.83,8402.82,8539.83,8813.83,8950.83,8859.5,8950.83,9224.84,8722.5,9087.84,9133.51,9087.84,8950.83,9224.84,9179.17,9042.17,8813.83,9316.18,9361.84,9224.84,8950.83,8722.5,8905.17,9179.17,9316.18,9087.84,9270.51,9361.84,9087.84,9179.17,9407.51,9179.17,9042.17,8996.5
Gerdau Monroe steel plant,41.894229, -83.358697,Michigan,771,Monroe,RFCM,RFC Michigan,1641.25,Great Lakes,1165.29,14826.92,5518.32,5518.32,5868.4,5748.64,5610.45,5776.27,5711.79,5684.15,5619.66,5739.42,5555.17,5628.87,5674.94,5665.72,5674.94,5721,5849.98,5951.31,5776.27,5840.76,5942.1,5969.74,5914.46,5822.34,5914.46,5822.34,5905.25,5877.61,5859.19,5877.61,5988.16,5877.61,5905.25,5988.16,5978.95,5877.61,5886.83,5849.98,5693.36,5638.09,5702.57,5684.15,5757.85,5693.36,5721,5702.57,5859.19,5794.7
Steel Dynamics Columbus plant,33.447580, -88.572683,Mississippi,3400,Columbus,SRTV,SERC Tennessee Valley,1597.81,Southern,1134.44,65384.62,29440.56,30147.47,29107.9,29731.64,30771.21,30563.29,30105.88,29606.89,30854.37,30771.21,31062.28,30937.54,31436.53,31311.78,31893.94,31686.03,32975.09,32725.59,33016.67,32559.26,32642.43,32101.85,33432.5,33390.92,33349.33,33889.91,33349.33,33224.59,33889.91,33723.58,32060.27,32684.01,32268.18,32684.01,32185.02,31935.52,32767.18,32517.68,32476.1,32268.18,32517.68,32725.59,31935.52,31103.87,30937.54,30979.12,29856.39,29398.98
Nucor Steel Norfolk plant,42.078908, -97.360854,Nebraska,1134,Norfolk,MROW,MRO West,1948.27,Midwest,1383.27,21807.69,7914.98,8219.4,7958.47,7871.49,7784.51,7914.98,8001.96,8219.4,8001.96,7610.56,7958.47,8219.4,8045.44,7828,8132.42,8001.96,8132.42,8393.36,8523.82,8436.84,8523.82,8784.76,8306.38,8654.29,8697.78,8654.29,8523.82,8784.76,8741.27,8610.8,8393.36,8871.73,8915.22,8784.76,8523.82,8306.38,8480.33,8741.27,8871.73,8654.29,8828.24,8915.22,8654.29,8741.27,8958.71,8741.27,8610.8,8567.31
CMC Steel New Jersey plant,40.478824, -74.321187,New Jersey,653,Sayreville,RFCE,RFC East,1112.27,North East,789.71,12557.69,2977.89,3139.95,3099.43,3139.95,3180.46,3119.69,3322.27,3362.78,3220.98,3119.69,3322.27,3362.78,3241.24,3038.66,3058.92,2957.63,2977.89,2815.83,2896.86,3058.92,2755.05,2917.11,2815.83,2957.63,3018.4,3160.21,3200.72,3180.46,3018.4,3079.18,3585.62,3524.85,3565.36,3484.33,3585.62,3666.65,3626.13,3565.36,3605.88,3565.36,3585.62,3545.1,3443.81,3322.27,3423.56,3362.78,3646.39,3707.17
Nucor Steel Hertford plant,36.353006, -76.811471,North Carolina,1542,Cofield,SRVC,SERC Virginia/Carolina,1186.78,Southern,842.61,29653.85,9917.37,10155.5,9805.31,10015.43,10365.62,10295.58,10141.5,9973.4,10393.63,10365.62,10463.67,10421.65,10589.74,10547.72,10743.82,10673.78,11108.02,11023.97,11122.03,10967.94,10995.96,10813.86,11262.1,11248.09,11234.09,11416.19,11234.09,11192.06,11416.19,11360.16,10799.85,11009.97,10869.89,11009.97,10841.87,10757.83,11037.98,10953.94,10939.93,10869.89,10953.94,11023.97,10757.83,10477.68,10421.65,10435.65,10057.45,9903.37
Republic Steel Canton plant,40.804114, -81.334002,Ohio,1092,Canton,RFCW,RFC West,1621.12,North East,1151,21000,7258.08,7653.08,7554.33,7653.08,7751.83,7603.7,8097.45,8196.2,7850.58,7603.7,8097.45,8196.2,7899.95,7406.2,7455.58,7208.7,7258.08,6863.08,7060.58,7455.58,6714.96,7109.96,6863.08,7208.7,7356.83,7702.45,7801.2,7751.83,7356.83,7504.95,8739.32,8591.2,8689.95,8492.45,8739.32,8936.82,8838.07,8689.95,8788.69,8689.95,8739.32,8640.57,8393.7,8097.45,8344.32,8196.2,8887.44,9035.57
Timken Faircrest steel plant,40.755388, -81.439369,Ohio,1200,Canton,RFCW,RFC West,1621.12,North East,1151,23076.92,7975.91,8409.97,8301.46,8409.97,8518.49,8355.72,8898.3,9006.81,8627.01,8355.72,8898.3,9006.81,8681.26,8138.69,8192.94,7921.65,7975.91,7541.85,7758.88,8192.94,7379.07,7813.14,7541.85,7921.65,8084.43,8464.23,8572.75,8518.49,8084.43,8247.2,9603.65,9440.87,9549.39,9332.36,9603.65,9820.68,9712.16,9549.39,9657.91,9549.39,9603.65,9495.13,9223.84,8898.3,9169.59,9006.81,9766.42,9929.2
Charter Steel Cleveland plant,41.443147, -81.659911,Ohio,635,Cuyahoga Heights,RFCW,RFC West,1621.12,Great Lakes,1151,12211.54,4489.18,4489.18,4773.97,4676.54,4564.13,4699.03,4646.57,4624.08,4571.62,4669.05,4519.16,4579.11,4616.59,4609.09,4616.59,4654.06,4758.98,4841.42,4699.03,4751.49,4833.93,4856.41,4811.44,4736.5,4811.44,4736.5,4803.95,4781.47,4766.48,4781.47,4871.4,4781.47,4803.95,4871.4,4863.9,4781.47,4788.96,4758.98,4631.58,4586.61,4639.07,4624.08,4684.04,4631.58,4654.06,4639.07,4766.48,4714.02
BlueScope North Star Steel plant EAF expansion,41.568783, -84.048129,Ohio,850,Delta,RFCM,RFC Michigan,1641.25,Great Lakes,1165.29,16346.15,6083.75,6083.75,6469.7,6337.67,6185.32,6368.14,6297.04,6266.57,6195.48,6327.51,6124.38,6205.63,6256.42,6246.26,6256.42,6307.2,6449.39,6561.11,6368.14,6439.23,6550.95,6581.42,6520.48,6418.92,6520.48,6418.92,6510.33,6479.86,6459.55,6479.86,6601.74,6479.86,6510.33,6601.74,6591.58,6479.86,6490.02,6449.39,6276.73,6215.79,6286.88,6266.57,6347.82,6276.73,6307.2,6286.88,6459.55,6388.45
BlueScope North Star Steel plant,41.568783, -84.048129,Ohio,2183,Delta,RFCM,RFC Michigan,1641.25,Great Lakes,1165.29,41980.77,15624.51,15624.51,16615.72,16276.62,15885.36,16354.87,16172.28,16094.03,15911.44,16250.54,15728.85,15937.52,16067.95,16041.86,16067.95,16198.37,16563.55,16850.48,16354.87,16537.46,16824.39,16902.64,16746.14,16485.3,16746.14,16485.3,16720.05,16641.8,16589.63,16641.8,16954.81,16641.8,16720.05,16954.81,16928.73,16641.8,16667.89,16563.55,16120.11,15963.61,16146.2,16094.03,16302.71,16120.11,16198.37,16146.2,16589.63,16407.04
Cleveland-Cliffs Mansfield Works,40.790123, -82.526239,Ohio,600,Mansfield,RFCW,RFC West,1621.12,Midwest,1151,11538.46,3484.61,3618.64,3503.76,3465.47,3427.17,3484.61,3522.91,3618.64,3522.91,3350.59,3503.76,3618.64,3542.05,3446.32,3580.34,3522.91,3580.34,3695.22,3752.66,3714.37,3752.66,3867.54,3656.93,3810.1,3829.25,3810.1,3752.66,3867.54,3848.39,3790.95,3695.22,3905.83,3924.98,3867.54,3752.66,3656.93,3733.51,3848.39,3905.83,3810.1,3886.68,3924.98,3810.1,3848.39,3944.12,3848.39,3790.95,3771.81
JSW Steel USA Ohio plant,40.314891, -80.605553,Ohio,1500,Mingo Junction,RFCW,RFC West,1621.12,North East,1151,28846.15,9969.89,10512.47,10376.82,10512.47,10648.11,10444.65,11122.87,11258.51,10783.76,10444.65,11122.87,11258.51,10851.58,10173.36,10241.18,9902.07,9969.89,9427.31,9698.6,10241.18,9223.84,9766.42,9427.31,9902.07,10105.53,10580.29,10715.94,10648.11,10105.53,10309,12004.56,11801.09,11936.74,11665.45,12004.56,12275.85,12140.21,11936.74,12072.38,11936.74,12004.56,11868.92,11529.8,11122.87,11461.98,11258.51,12208.03,12411.49
Vallourec Star Youngstown steel plant,41.125495, -80.683382,Ohio,694,Youngstown,RFCW,RFC West,1621.12,North East,1151,13346.15,4612.74,4863.77,4801.01,4863.77,4926.53,4832.39,5146.18,5208.94,4989.29,4832.39,5146.18,5208.94,5020.66,4706.87,4738.25,4581.36,4612.74,4361.7,4487.22,4738.25,4267.56,4518.6,4361.7,4581.36,4675.49,4895.15,4957.91,4926.53,4675.49,4769.63,5554.11,5459.97,5522.73,5397.21,5554.11,5679.63,5616.87,5522.73,5585.49,5522.73,5554.11,5491.35,5334.46,5146.18,5303.08,5208.94,5648.25,5742.38
Cascade Steel Rolling Mills,45.228035, -123.163599,Oregon,860,McMinnville,NWPP,WECC Northwest,1529.88,Western,1086.21,16538.46,6442.35,7002.55,6722.45,6909.18,6535.71,5882.14,5695.41,7095.92,6629.08,6442.35,6815.82,6629.08,6629.08,7095.92,7282.65,7469.39,6909.18,7002.55,6909.18,7189.29,6815.82,7095.92,7095.92,7376.02,7002.55,6909.18,7002.55,6815.82,7095.92,6909.18,7002.55,7469.39,7095.92,6535.71,7095.92,7469.39,7562.75,7095.92,7376.02,7282.65,7002.55,7189.29,7002.55,7095.92,7282.65,6909.18,6535.71,6442.35
Cleveland-Cliffs Coatesville steel plant,39.977819, -75.824512,Pennsylvania,800,Coatesville,RFCE,RFC East,1112.27,North East,789.71,15384.62,3648.25,3846.8,3797.16,3846.8,3896.43,3821.98,4070.16,4119.8,3946.07,3821.98,4070.16,4119.8,3970.89,3722.71,3747.53,3623.44,3648.25,3449.71,3548.98,3747.53,3375.26,3573.8,3449.71,3623.44,3697.89,3871.62,3921.25,3896.43,3697.89,3772.34,4392.8,4318.34,4367.98,4268.7,4392.8,4492.07,4442.43,4367.98,4417.61,4367.98,4392.8,4343.16,4219.07,4070.16,4194.25,4119.8,4467.25,4541.7
Cleveland-Cliffs Butler steel plant,40.845524, -79.921452,Pennsylvania,1000,Lyndora,RFCE,RFC East,1112.27,North East,789.71,19230.77,4560.32,4808.5,4746.45,4808.5,4870.54,4777.48,5087.7,5149.75,4932.59,4777.48,5087.7,5149.75,4963.61,4653.38,4684.41,4529.29,4560.32,4312.14,4436.23,4684.41,4219.07,4467.25,4312.14,4529.29,4622.36,4839.52,4901.57,4870.54,4622.36,4715.43,5490.99,5397.93,5459.97,5335.88,5490.99,5615.08,5553.04,5459.97,5522.02,5459.97,5490.99,5428.95,5273.84,5087.7,5242.81,5149.75,5584.06,5677.13
Cleveland-Cliffs Steelton steel plant,40.230720, -76.838506,Pennsylvania,1000,Steelton,RFCE,RFC East,1112.27,North East,789.71,19230.77,4560.32,4808.5,4746.45,4808.5,4870.54,4777.48,5087.7,5149.75,4932.59,4777.48,5087.7,5149.75,4963.61,4653.38,4684.41,4529.29,4560.32,4312.14,4436.23,4684.41,4219.07,4467.25,4312.14,4529.29,4622.36,4839.52,4901.57,4870.54,4622.36,4715.43,5490.99,5397.93,5459.97,5335.88,5490.99,5615.08,5553.04,5459.97,5522.02,5459.97,5490.99,5428.95,5273.84,5087.7,5242.81,5149.75,5584.06,5677.13
CMC South Carolina steel plant,33.962272, -81.052011,South Carolina,776,Cayce,SRVC,SERC Virginia/Carolina,1186.78,Southern,842.61,14923.08,4990.84,5110.68,4934.45,5040.19,5216.42,5181.17,5103.63,5019.04,5230.52,5216.42,5265.76,5244.62,5329.21,5308.06,5406.75,5371.5,5590.03,5547.73,5597.08,5519.54,5533.63,5441.99,5667.57,5660.52,5653.47,5745.11,5653.47,5632.32,5745.11,5716.91,5434.94,5540.68,5470.19,5540.68,5456.09,5413.8,5554.78,5512.49,5505.44,5470.19,5512.49,5547.73,5413.8,5272.81,5244.62,5251.67,5061.34,4983.8
Nucor Steel Darlington plant,34.375628, -79.895165,South Carolina,907,Darlington,SRVC,SERC Virginia/Carolina,1186.78,Southern,842.61,17442.31,5833.37,5973.44,5767.46,5891.05,6097.03,6055.83,5965.2,5866.33,6113.5,6097.03,6154.7,6129.98,6228.85,6204.14,6319.49,6278.29,6533.7,6484.27,6541.94,6451.31,6467.79,6360.68,6624.34,6616.1,6607.86,6714.97,6607.86,6583.14,6714.97,6682.01,6352.44,6476.03,6393.64,6476.03,6377.16,6327.72,6492.51,6443.07,6434.83,6393.64,6443.07,6484.27,6327.72,6162.94,6129.98,6138.22,5915.76,5825.13
Liberty Steel Georgetown plant,33.367258, -79.292515,South Carolina,908,Georgetown,SRVC,SERC Virginia/Carolina,1186.78,Southern,842.61,17461.54,5839.8,5980.02,5773.82,5897.54,6103.75,6062.51,5971.78,5872.8,6120.24,6103.75,6161.49,6136.74,6235.72,6210.98,6326.45,6285.21,6540.91,6491.42,6549.16,6458.43,6474.92,6367.69,6631.64,6623.39,6615.14,6722.37,6615.14,6590.4,6722.37,6689.38,6359.45,6483.17,6400.69,6483.17,6384.19,6334.7,6499.67,6450.18,6441.93,6400.69,6450.18,6491.42,6334.7,6169.73,6136.74,6144.99,5922.29,5831.55
Nucor Steel Berkeley plant,33.004319, -79.880955,South Carolina,2956,Huger,SRVC,SERC Virginia/Carolina,1186.78,Southern,842.61,56846.15,19011.52,19468.01,18796.7,19199.48,19870.79,19736.53,19441.15,19118.93,19924.5,19870.79,20058.76,19978.2,20300.43,20219.87,20595.81,20461.55,21293.97,21132.86,21320.82,21025.45,21079.15,20730.07,21589.35,21562.5,21535.64,21884.72,21535.64,21455.09,21884.72,21777.31,20703.22,21106,20837.48,21106,20783.78,20622.66,21159.71,20998.59,20971.74,20837.48,20998.59,21132.86,20622.66,20085.61,19978.2,20005.05,19280.04,18984.66
CMC Tennessee steel plant,35.978104, -83.956572,Tennessee,544,Knoxville,SRTV,SERC Tennessee Valley,1597.81,Southern,1134.44,10461.54,4710.49,4823.59,4657.26,4757.06,4923.39,4890.13,4816.94,4737.1,4936.7,4923.39,4969.97,4950.01,5029.84,5009.88,5103.03,5069.76,5276.01,5236.09,5282.67,5209.48,5222.79,5136.3,5349.2,5342.55,5335.89,5422.39,5335.89,5315.93,5422.39,5395.77,5129.64,5229.44,5162.91,5229.44,5149.6,5109.68,5242.75,5202.83,5196.18,5162.91,5202.83,5236.09,5109.68,4976.62,4950.01,4956.66,4777.02,4703.84
Nucor Steel Memphis plant,35.048395, -90.163033,Tennessee,891,Memphis,SRTV,SERC Tennessee Valley,1597.81,Southern,1134.44,17134.62,7715.16,7900.41,7627.98,7791.44,8063.87,8009.38,7889.51,7758.75,8085.66,8063.87,8140.15,8107.45,8238.22,8205.53,8358.09,8303.6,8641.41,8576.03,8652.31,8532.44,8554.24,8412.57,8761.28,8750.38,8739.49,8881.15,8739.49,8706.8,8881.15,8837.56,8401.68,8565.13,8456.16,8565.13,8434.37,8368.99,8586.93,8521.54,8510.65,8456.16,8521.54,8576.03,8368.99,8151.04,8107.45,8118.35,7824.13,7704.26
Optimus Steel Beaumont plant,30.08201, -94.074694,Texas,700,Beaumont,SRMV,SERC Mississippi Valley,1059.86,Southern,752.5,13461.54,4020.57,4117.11,3975.14,4060.32,4202.29,4173.89,4111.43,4043.28,4213.65,4202.29,4242.04,4225,4293.15,4276.11,4355.61,4327.22,4503.26,4469.19,4508.94,4446.47,4457.83,4384.01,4565.73,4560.05,4554.37,4628.2,4554.37,4537.33,4628.2,4605.48,4378.33,4463.51,4406.72,4463.51,4395.37,4361.29,4474.87,4440.8,4435.12,4406.72,4440.8,4469.19,4361.29,4247.72,4225,4230.68,4077.35,4014.89
Nucor Steel Jewett plant,31.351853, -96.165436,Texas,907,Jewett,SRMV,SERC Mississippi Valley,1059.86,Southern,752.5,17442.31,5209.51,5334.59,5150.64,5261.01,5444.96,5408.17,5327.24,5238.94,5459.68,5444.96,5496.47,5474.4,5562.69,5540.62,5643.63,5606.84,5834.94,5790.79,5842.3,5761.36,5776.08,5680.42,5915.88,5908.52,5901.16,5996.82,5901.16,5879.09,5996.82,5967.39,5673.06,5783.43,5709.85,5783.43,5695.14,5650.99,5798.15,5754,5746.64,5709.85,5754,5790.79,5650.99,5503.83,5474.4,5481.75,5283.09,5202.15
Gerdau Midlothian Steel Mill,32.457544, -97.034246,Texas,1786,Midlothian,ERCT,ERCOT All,1257.95,Southern,893.15,34346.15,12175.55,12467.9,12037.98,12295.93,12725.86,12639.87,12450.71,12244.34,12760.25,12725.86,12846.24,12794.65,13001.01,12949.42,13190.18,13104.2,13637.31,13534.12,13654.5,13465.34,13499.73,13276.17,13826.48,13809.28,13792.08,14015.64,13792.08,13740.49,14015.64,13946.85,13258.97,13516.93,13344.96,13516.93,13310.56,13207.38,13551.32,13448.14,13430.94,13344.96,13448.14,13534.12,13207.38,12863.44,12794.65,12811.85,12347.52,12158.36
CMC Steel Texas plant,29.577459, -98.032017,Texas,943,Seguin,ERCT,ERCOT All,1257.95,Southern,893.15,18134.62,6428.64,6583,6356,6492.2,6719.2,6673.8,6573.92,6464.96,6737.36,6719.2,6782.76,6755.52,6864.48,6837.24,6964.36,6918.96,7200.44,7145.96,7209.52,7109.64,7127.8,7009.76,7300.32,7291.24,7282.16,7400.2,7282.16,7254.92,7400.2,7363.88,7000.68,7136.88,7046.08,7136.88,7027.92,6973.44,7155.04,7100.56,7091.48,7046.08,7100.56,7145.96,6973.44,6791.84,6755.52,6764.6,6519.44,6419.56
Steel Dynamics Sinton plant,28.051820, -97.488040,Texas,2722,Sinton,ERCT,ERCOT All,1257.95,Southern,893.15,52346.15,18556.47,19002.03,18346.79,18739.94,19395.18,19264.13,18975.82,18661.31,19447.6,19395.18,19578.65,19500.02,19814.54,19735.91,20102.84,19971.79,20784.29,20627.04,20810.5,20522.2,20574.62,20233.89,21072.6,21046.39,21020.18,21360.91,21020.18,20941.55,21360.91,21256.07,20207.68,20600.83,20338.73,20600.83,20286.31,20129.05,20653.25,20495.99,20469.78,20338.73,20495.99,20627.04,20129.05,19604.86,19500.02,19526.23,18818.57,18530.26
Nucor Steel Plymouth plant,41.882789, -112.196743,Utah,908,Plymouth,NWPP,WECC Northwest,1529.88,Western,1086.21,17461.54,6801.92,7393.39,7097.66,7294.81,6900.5,6210.45,6013.29,7491.97,6999.08,6801.92,7196.23,6999.08,6999.08,7491.97,7689.13,7886.28,7294.81,7393.39,7294.81,7590.55,7196.23,7491.97,7491.97,7787.71,7393.39,7294.81,7393.39,7196.23,7491.97,7294.81,7393.39,7886.28,7491.97,6900.5,7491.97,7886.28,7984.86,7491.97,7787.71,7689.13,7393.39,7590.55,7393.39,7491.97,7689.13,7294.81,6900.5,6801.92
Gerdau Petersburg Steel Mill,37.181168, -77.449517,Virginia,1000,Petersburg,SRVC,SERC Virginia/Carolina,1186.78,Southern,842.61,19230.77,6431.5,6585.93,6358.83,6495.09,6722.19,6676.77,6576.85,6467.84,6740.36,6722.19,6785.78,6758.53,6867.53,6840.28,6967.46,6922.04,7203.64,7149.14,7212.73,7112.8,7130.97,7012.88,7303.57,7294.48,7285.4,7403.49,7285.4,7258.15,7403.49,7367.16,7003.79,7140.06,7049.22,7140.06,7031.05,6976.54,7158.22,7103.72,7094.64,7049.22,7103.72,7149.14,6976.54,6794.86,6758.53,6767.61,6522.34,6422.42
Steel Dynamics Roanoke steel plant,37.272927, -79.998828,Virginia,660,Roanoke,RFCW,RFC West,1621.12,Southern,1151,12692.31,5798.32,5937.55,5732.8,5855.65,6060.39,6019.44,5929.36,5831.08,6076.77,6060.39,6117.72,6093.15,6191.43,6166.86,6281.51,6240.56,6494.45,6445.31,6502.64,6412.55,6428.93,6322.46,6584.53,6576.34,6568.15,6674.62,6568.15,6543.58,6674.62,6641.86,6314.27,6437.12,6355.22,6437.12,6338.84,6289.7,6453.5,6404.36,6396.17,6355.22,6404.36,6445.31,6289.7,6125.91,6093.15,6101.34,5880.22,5790.13
Nucor Steel Seattle plant,47.569597, -122.367395,Washington,855,Seattle,NWPP,WECC Northwest,1529.88,Western,1086.21,16442.31,6404.89,6961.84,6683.36,6869.01,6497.72,5847.94,5662.3,7054.66,6590.54,6404.89,6776.19,6590.54,6590.54,7054.66,7240.31,7425.96,6869.01,6961.84,6869.01,7147.49,6776.19,7054.66,7054.66,7333.14,6961.84,6869.01,6961.84,6776.19,7054.66,6869.01,6961.84,7425.96,7054.66,6497.72,7054.66,7425.96,7518.79,7054.66,7333.14,7240.31,6961.84,7147.49,6961.84,7054.66,7240.31,6869.01,6497.72,6404.89
Charter Steel Saukville plant,43.400533, -87.94820,Wisconsin,550,Saukville,RFCW,RFC West,1621.12,Great Lakes,1151,10576.92,3888.27,3888.27,4134.94,4050.55,3953.18,4070.02,4024.58,4005.11,3959.67,4044.06,3914.23,3966.16,3998.62,3992.13,3998.62,4031.08,4121.95,4193.36,4070.02,4115.46,4186.87,4206.34,4167.39,4102.48,4167.39,4102.48,4160.9,4141.43,4128.44,4141.43,4219.32,4141.43,4160.9,4219.32,4212.83,4141.43,4147.92,4121.95,4011.6,3972.65,4018.09,4005.11,4057.04,4011.6,4031.08,4018.09,4128.44,4083.01
