plant_id,ghgrp_id,plant_name,lat,lon,address,owner,state,plant_age_years,municipality,category_steel_product,steel_products,subregion,subregion_name,region,co2e_tonnes_per_mwh,estimated_emissions_intensity_tonne_per_tonne_scope2,max_tonnes_of_steel_producible_annually,max_tonnes_of_steel_producible_weekly,2021-01-30,2021-02-06,2021-02-13,2021-02-20,2021-02-27,2021-03-06,2021-03-13,2021-03-20,2021-03-27,2021-04-03,2021-04-10,2021-04-17,2021-04-24,2021-05-01,2021-05-08,2021-05-15,2021-05-22,2021-05-29,2021-06-05,2021-06-12,2021-06-19,2021-06-26,2021-07-03,2021-07-10,2021-07-17,2021-07-24,2021-07-31,2021-08-07,2021-08-14,2021-08-21,2021-08-28,2021-09-04,2021-09-11,2021-09-18,2021-09-25,2021-10-02,2021-10-09,2021-10-16,2021-10-23,2021-10-30,2021-11-06,2021-11-13,2021-11-20,2021-11-27,2021-12-04,2021-12-11,2021-12-18,2021-12-25,2022-01-01
SUS00002,1003268,Cleveland-Cliffs Butler steel plant,40.845524, -79.921452,"1 Armco Dr, Lyndora, PA 16045-1065, United States",Cleveland-Cliffs Inc,Pennsylvania,115.0,Lyndora,semi-finished; finished rolled,"flat-rolled electrical steels, stainless steels, stainless and carbon semi-finished
slabs",RFCE,RFC East,North East,0.505,0.358,1000000,19230.769,NA,4560.317,4808.498,4746.452,4808.498,4870.543,4777.475,5087.701,5149.746,4932.588,4777.475,5087.701,5149.746,4963.61,4653.385,4684.407,4529.295,4560.317,4312.137,4436.227,4684.407,4219.069,4467.249,4312.137,4529.295,4622.362,4839.52,4901.565,4870.543,4622.362,4715.43,5490.994,5397.926,5459.971,5335.881,5490.994,5615.084,5553.039,5459.971,5522.017,5459.971,5490.994,5428.949,5273.836,5087.701,5242.814,5149.746,5584.062,5677.129
SUS00007,1003668,Cleveland-Cliffs Coatesville steel plant,39.977819, -75.824512,"139 Modena Road, Coatesville, PA 19230, United States",Cleveland-Cliffs Inc,Pennsylvania,213.0,Coatesville,semi-finished; finished rolled,"steel plate, high-strength low alloy, commercial alloy, military alloy, flame-cut",RFCE,RFC East,North East,0.505,0.358,800000,15384.615,NA,3648.254,3846.798,3797.162,3846.798,3896.434,3821.98,4070.161,4119.797,3946.07,3821.98,4070.161,4119.797,3970.888,3722.708,3747.526,3623.436,3648.254,3449.709,3548.981,3747.526,3375.255,3573.8,3449.709,3623.436,3697.89,3871.616,3921.252,3896.434,3697.89,3772.344,4392.795,4318.341,4367.977,4268.705,4392.795,4492.067,4442.431,4367.977,4417.613,4367.977,4392.795,4343.159,4219.069,4070.161,4194.251,4119.797,4467.249,4541.704
SUS00008,NA,Cleveland-Cliffs Steelton steel plant,40.230720, -76.838506,"215 S. Front St., Steelton, PA 17113, United States",Cleveland-Cliffs Inc,Pennsylvania,157.0,Steelton,semi-finished; finished rolled,"railroad rails, specialty blooms, flat bars",RFCE,RFC East,North East,0.505,0.358,1000000,19230.769,NA,4560.317,4808.498,4746.452,4808.498,4870.543,4777.475,5087.701,5149.746,4932.588,4777.475,5087.701,5149.746,4963.61,4653.385,4684.407,4529.295,4560.317,4312.137,4436.227,4684.407,4219.069,4467.249,4312.137,4529.295,4622.362,4839.52,4901.565,4870.543,4622.362,4715.43,5490.994,5397.926,5459.971,5335.881,5490.994,5615.084,5553.039,5459.971,5522.017,5459.971,5490.994,5428.949,5273.836,5087.701,5242.814,5149.746,5584.062,5677.129
SUS00011,NA,U.S. Steel Big River Steel plant,35.644264, -89.941659,"2027 State Hwy 198, Osceola, Arkansas 72370, United States",Big River Steel LLC,Arkansas,9.0,Osceola,finished rolled,"electrical steel, hot-rolled, hot-rolled pickled and oiled, cold-rolled, cold-rolled motor lamination, galvanized",SRMV,SERC Mississippi Valley,Southern,0.481,0.341,3300000,63461.538,NA,18954.102,19409.214,18739.931,19141.501,19810.784,19676.928,19382.443,19061.187,19864.327,19810.784,19998.184,19917.87,20239.126,20158.812,20533.61,20399.754,21229.665,21069.037,21256.436,20961.952,21015.494,20667.467,21524.15,21497.378,21470.607,21818.634,21470.607,21390.293,21818.634,21711.549,20640.696,21042.266,20774.552,21042.266,20721.01,20560.382,21095.808,20935.18,20908.409,20774.552,20935.18,21069.037,20560.382,20024.955,19917.87,19944.641,19221.815,18927.331
SUS00012,NA,CMC Steel Texas plant,29.577459, -98.032017,"1 Steel Mill Dr., Seguin, Texas 78155, United States",Commercial Metals Co,Texas,41.0,Seguin,finished rolled,equal angles; unequal angles; flats; channels; rebar; rounds,ERCT,ERCOT All,Southern,0.571,0.405,943000,18134.615,NA,6428.637,6582.997,6355.997,6492.197,6719.197,6673.797,6573.917,6464.957,6737.357,6719.197,6782.757,6755.517,6864.477,6837.237,6964.357,6918.957,7200.437,7145.957,7209.517,7109.637,7127.797,7009.757,7300.317,7291.237,7282.157,7400.197,7282.157,7254.917,7400.197,7363.877,7000.677,7136.877,7046.077,7136.877,7027.917,6973.437,7155.037,7100.557,7091.477,7046.077,7100.557,7145.957,6973.437,6791.837,6755.517,6764.597,6519.437,6419.557
SUS00013,NA,Evraz Pueblo steel plant,38.225770, -104.607895,"2100 South Freeway, Pueblo, Colorado 81004, United States",Evraz North America PLC,Colorado,142.0,Pueblo,finished rolled,"rail, wire rod, coiled reinforcing bar, seamless pipe",RMPA,WECC Rockies,Western,0.84,0.596,1100000,21153.846,NA,9970.717,10837.736,10404.226,10693.233,10115.22,9103.698,8814.692,10982.239,10259.723,9970.717,10548.729,10259.723,10259.723,10982.239,11271.245,11560.251,10693.233,10837.736,10693.233,11126.742,10548.729,10982.239,10982.239,11415.748,10837.736,10693.233,10837.736,10548.729,10982.239,10693.233,10837.736,11560.251,10982.239,10115.22,10982.239,11560.251,11704.755,10982.239,11415.748,11271.245,10837.736,11126.742,10837.736,10982.239,11271.245,10693.233,10115.22,9970.717
SUS00014,NA,Gerdau Midlothian Steel Mill,32.457544, -97.034246,"300 Ward Road, 76065 Midlothian, Texas, United States",Gerdau Long Steel North America,Texas,53.0,Midlothian,semi-finished; finished rolled,bantam beams; channels; H piling; MC channels; rail ties; rebar; rounds; S beams; sheet pile; wide flange beams,ERCT,ERCOT All,Southern,0.571,0.405,1786000,34346.154,NA,12175.553,12467.904,12037.976,12295.933,12725.86,12639.875,12450.707,12244.341,12760.254,12725.86,12846.24,12794.649,13001.014,12949.423,13190.182,13104.197,13637.307,13534.124,13654.504,13465.336,13499.73,13276.168,13826.475,13809.278,13792.081,14015.643,13792.081,13740.49,14015.643,13946.855,13258.971,13516.927,13344.956,13516.927,13310.562,13207.379,13551.321,13448.139,13430.942,13344.956,13448.139,13534.124,13207.379,12863.437,12794.649,12811.846,12347.524,12158.356
SUS00015,1000394,Gerdau Petersburg Steel Mill,37.181168, -77.449517,"25801 Hofheimer Way, Petersburg, Virginia 23805, United States",Gerdau Long Steel North America,Virginia,25.0,Petersburg,semi-finished; finished rolled,channels; H piling; MC channels; sheet pile; wide flange beams,SRVC,SERC Virginia/Carolina,Southern,0.538,0.382,1000000,19230.769,NA,6431.5,6585.929,6358.828,6495.089,6722.19,6676.77,6576.845,6467.837,6740.358,6722.19,6785.778,6758.526,6867.534,6840.282,6967.459,6922.039,7203.644,7149.14,7212.728,7112.803,7130.972,7012.879,7303.568,7294.484,7285.4,7403.493,7285.4,7258.148,7403.493,7367.157,7003.795,7140.056,7049.215,7140.056,7031.047,6976.543,7158.224,7103.719,7094.635,7049.215,7103.719,7149.14,6976.543,6794.862,6758.526,6767.61,6522.341,6422.416
SUS00016,NA,SSAB Americas Alabama steel plant,30.941783, -88.012437,"12400 Highway 43 North, Axis, Alabama 36505, United States",SSAB Americas Holding AB,Alabama,22.0,Axis,semi-finished,"heavy plate, coil",SRSO,SERC South,Southern,0.542,0.385,1250000,24038.462,NA,8100.857,8295.37,8009.322,8180.951,8466.998,8409.788,8283.928,8146.625,8489.882,8466.998,8547.091,8512.765,8650.068,8615.742,8775.929,8718.719,9073.418,9004.767,9084.86,8958.999,8981.883,8833.138,9199.279,9187.837,9176.395,9325.14,9176.395,9142.069,9325.14,9279.372,8821.696,8993.325,8878.906,8993.325,8856.022,8787.371,9016.209,8947.557,8936.115,8878.906,8947.557,9004.767,8787.371,8558.533,8512.765,8524.207,8215.276,8089.416
SUS00017,NA,SSAB Americas Iowa steel plant,41.482009, -90.820921,"1770 Bill Sharp Boulevard, Muscatine, Iowa 52761, United States",SSAB Americas Holding AB,Iowa,26.0,Muscatine,semi-finished,"heavy plate, coil",MROW,MRO West,Midwest,0.884,0.627,1250000,24038.462,NA,8724.622,9060.185,8772.56,8676.685,8580.81,8724.622,8820.497,9060.185,8820.497,8389.06,8772.56,9060.185,8868.435,8628.747,8964.31,8820.497,8964.31,9251.935,9395.747,9299.872,9395.747,9683.372,9156.06,9539.56,9587.497,9539.56,9395.747,9683.372,9635.435,9491.622,9251.935,9779.247,9827.185,9683.372,9395.747,9156.06,9347.81,9635.435,9779.247,9539.56,9731.31,9827.185,9539.56,9635.435,9875.122,9635.435,9491.622,9443.685
SUS00018,NA,JSW Steel USA Ohio plant,40.314891, -80.605553,"1500 Commercial Avenue, Mingo Junction, Ohio 43938, United States",Jsw Steel USA Ohio Inc,Ohio,5.0,Mingo Junction,finished rolled,hot rolled coils,RFCW,RFC West,North East,0.735,0.522,1500000,28846.154,NA,9969.889,10512.468,10376.824,10512.468,10648.113,10444.646,11122.87,11258.514,10783.758,10444.646,11122.87,11258.514,10851.58,10173.356,10241.179,9902.067,9969.889,9427.31,9698.6,10241.179,9223.843,9766.422,9427.31,9902.067,10105.534,10580.291,10715.935,10648.113,10105.534,10309.001,12004.561,11801.093,11936.738,11665.449,12004.561,12275.85,12140.205,11936.738,12072.383,11936.738,12004.561,11868.916,11529.804,11122.87,11461.982,11258.514,12208.028,12411.495
SUS00019,1002977,North American Stainless steel plant,38.725418, -85.076015,"6870 Highway 42 East, Ghent, Kentucky, 41045-9615, United States",North American Stainless Inc,Kentucky,33.0,Ghent,finished rolled,stainless flat and long products,SRTV,SERC Tennessee Valley,Midwest,0.725,0.515,1600000,30769.231,NA,9158.666,9510.923,9208.989,9108.344,9007.699,9158.666,9259.311,9510.923,9259.311,8806.41,9208.989,9510.923,9309.633,9058.021,9410.278,9259.311,9410.278,9712.212,9863.179,9762.534,9863.179,10165.113,9611.567,10014.146,10064.468,10014.146,9863.179,10165.113,10114.791,9963.824,9712.212,10265.758,10316.08,10165.113,9863.179,9611.567,9812.857,10114.791,10265.758,10014.146,10215.435,10316.08,10014.146,10114.791,10366.402,10114.791,9963.824,9913.501
SUS00020,NA,BlueScope North Star Steel plant,41.568783, -84.048129,"6767 County Road 9, Delta, Ohio 43515, United States",North Star BlueScope Steel LLC,Ohio,27.0,Delta,finished rolled,hot-rolled steel coils,RFCM,RFC Michigan,Great Lakes,0.744,0.529,2183000,41980.769,NA,15624.513,15624.513,16615.717,16276.621,15885.356,16354.874,16172.284,16094.031,15911.44,16250.537,15728.85,15937.525,16067.946,16041.862,16067.946,16198.368,16563.548,16850.476,16354.874,16537.464,16824.392,16902.645,16746.139,16485.295,16746.139,16485.295,16720.054,16641.801,16589.633,16641.801,16954.813,16641.801,16720.054,16954.813,16928.729,16641.801,16667.886,16563.548,16120.115,15963.609,16146.199,16094.031,16302.705,16120.115,16198.368,16146.199,16589.633,16407.042
SUS00021,NA,Nucor Steel Berkeley plant,33.004319, -79.880955,"1455 Hagan Avenue, Huger, South Carolina 29450, United States",Nucor Corp,South Carolina,27.0,Huger,finished rolled,beam; sheet,SRVC,SERC Virginia/Carolina,Southern,0.538,0.382,2956000,56846.154,NA,19011.515,19468.007,18796.696,19199.482,19870.793,19736.531,19441.154,19118.925,19924.498,19870.793,20058.76,19978.203,20300.432,20219.874,20595.808,20461.546,21293.971,21132.857,21320.824,21025.447,21079.152,20730.07,21589.348,21562.496,21535.643,21884.725,21535.643,21455.086,21884.725,21777.315,20703.218,21106.004,20837.48,21106.004,20783.775,20622.661,21159.709,20998.595,20971.742,20837.48,20998.595,21132.857,20622.661,20085.612,19978.203,20005.055,19280.04,18984.663
SUS00022,NA,Nucor Steel Crawfordsville plant,39.976379, -86.830727,"4537 South Nucor Road, Crawfordsville, Indiana 47933, United States",Nucor Corp,Indiana,34.0,Crawfordsville,finished rolled,sheet,RFCW,RFC West,Great Lakes,0.735,0.522,2304000,44307.692,NA,16288.306,16288.306,17321.621,16968.118,16560.231,17049.696,16859.348,16777.771,16587.423,16940.926,16397.076,16614.616,16750.578,16723.386,16750.578,16886.541,17267.236,17566.353,17049.696,17240.043,17539.161,17620.738,17457.583,17185.658,17457.583,17185.658,17430.391,17348.813,17294.428,17348.813,17675.123,17348.813,17430.391,17675.123,17647.931,17348.813,17376.006,17267.236,16804.963,16641.808,16832.156,16777.771,16995.311,16804.963,16886.541,16832.156,17294.428,17104.081
SUS00023,NA,Nucor Steel Darlington plant,34.375628, -79.895165,"300 Steel Mill Road, Darlington, South Carolina 29540, United States",Nucor Corp,South Carolina,54.0,Darlington,finished rolled,bar; engineered bar; cold finish,SRVC,SERC Virginia/Carolina,Southern,0.538,0.382,907000,17442.308,NA,5833.371,5973.438,5767.457,5891.045,6097.026,6055.83,5965.199,5866.328,6113.505,6097.026,6154.701,6129.983,6228.854,6204.136,6319.485,6278.289,6533.705,6484.27,6541.944,6451.313,6467.791,6360.681,6624.336,6616.097,6607.858,6714.968,6607.858,6583.14,6714.968,6682.011,6352.442,6476.03,6393.638,6476.03,6377.16,6327.724,6492.509,6443.074,6434.834,6393.638,6443.074,6484.27,6327.724,6162.94,6129.983,6138.222,5915.763,5825.132
SUS00024,NA,Nucor Steel Hertford plant,36.353006, -76.811471,"1505 River Road, Cofield, North Carolina 27922, United States",Nucor Corp,North Carolina,23.0,Cofield,semi-finished,plate,SRVC,SERC Virginia/Carolina,Southern,0.538,0.382,1542000,29653.846,NA,9917.374,10155.503,9805.313,10015.427,10365.617,10295.579,10141.495,9973.404,10393.632,10365.617,10463.67,10421.647,10589.738,10547.715,10743.822,10673.784,11108.019,11023.973,11122.026,10967.943,10995.958,10813.859,11262.102,11248.095,11234.087,11416.186,11234.087,11192.064,11416.186,11360.155,10799.852,11009.966,10869.89,11009.966,10841.875,10757.829,11037.981,10953.935,10939.928,10869.89,10953.935,11023.973,10757.829,10477.677,10421.647,10435.655,10057.45,9903.366
SUS00025,1007642,Nucor Steel Hickman plant,35.901162, -89.776190,"5929 East State Highway 18, Armorel, Arkansas 72315, United States",Nucor Corp,Arkansas,31.0,Armorel,finished rolled,sheet,SRMV,SERC Mississippi Valley,Southern,0.481,0.341,2450000,47115.385,NA,14071.985,14409.871,13912.979,14211.115,14708.007,14608.628,14389.996,14151.487,14747.758,14708.007,14847.136,14787.509,15026.018,14966.391,15244.65,15145.272,15761.418,15642.164,15781.294,15562.661,15602.412,15344.029,15980.05,15960.175,15940.299,16198.683,15940.299,15880.672,16198.683,16119.18,15324.153,15622.288,15423.531,15622.288,15383.78,15264.526,15662.04,15542.785,15522.91,15423.531,15542.785,15642.164,15264.526,14867.012,14787.509,14807.385,14270.742,14052.109
SUS00026,NA,Nucor Steel Norfolk plant,42.078908, -97.360854,"2911 East Nucor Road, Norfolk, Nebraska 68701, United States",Nucor Corp,Nebraska,44.0,Norfolk,finished rolled,bar; engineered bar,MROW,MRO West,Midwest,0.884,0.627,1134000,21807.692,NA,7914.977,8219.4,7958.466,7871.489,7784.511,7914.977,8001.955,8219.4,8001.955,7610.555,7958.466,8219.4,8045.444,7828,8132.422,8001.955,8132.422,8393.355,8523.822,8436.844,8523.822,8784.755,8306.377,8654.288,8697.777,8654.288,8523.822,8784.755,8741.266,8610.8,8393.355,8871.733,8915.222,8784.755,8523.822,8306.377,8480.333,8741.266,8871.733,8654.288,8828.244,8915.222,8654.288,8741.266,8958.711,8741.266,8610.8,8567.311
SUS00027,NA,Nucor Steel Memphis plant,35.048395, -90.163033,"3601 Paul R. Lowry Road, Memphis, Tennessee 38109, United States",Nucor Steel Memphis Inc,Tennessee,15.0,Memphis,finished rolled,bar; engineered bar,SRTV,SERC Tennessee Valley,Southern,0.725,0.515,891000,17134.615,NA,7715.158,7900.409,7627.981,7791.438,8063.866,8009.38,7889.512,7758.747,8085.66,8063.866,8140.146,8107.454,8238.22,8205.529,8358.088,8303.603,8641.413,8576.03,8652.31,8532.442,8554.236,8412.574,8761.281,8750.384,8739.487,8881.15,8739.487,8706.796,8881.15,8837.561,8401.677,8565.133,8456.162,8565.133,8434.368,8368.985,8586.928,8521.545,8510.648,8456.162,8521.545,8576.03,8368.985,8151.043,8107.454,8118.352,7824.129,7704.261
SUS00028,NA,Nucor Steel Decatur plant,34.639630, -87.085738,"4301 Iverson Boulevard, Trinity, Alabama 35673, United States",Nucor Steel Decatur LLC,Alabama,26.0,Trinity,finished rolled,sheet; tubular products,SRTV,SERC Tennessee Valley,Southern,0.725,0.515,2268000,43615.385,NA,19638.585,20110.133,19416.68,19832.752,20526.204,20387.514,20082.395,19749.537,20581.681,20526.204,20720.371,20637.157,20970.014,20886.8,21275.133,21136.443,21996.324,21829.896,22024.063,21718.943,21774.42,21413.824,22301.444,22273.706,22245.967,22606.563,22245.967,22162.753,22606.563,22495.611,21386.086,21802.158,21524.777,21802.158,21469.3,21302.872,21857.634,21691.205,21663.467,21524.777,21691.205,21829.896,21302.872,20748.109,20637.157,20664.895,19915.966,19610.847
SUS00029,1005700,Nucor Steel Gallatin plant,38.759878, -84.996204,"4831 U.S. Hwy 42 W, Ghent, Kentucky 41405, United States",Nucor Corp,Kentucky,28.0,Ghent,finished rolled,hot-rolled coils,SRTV,SERC Tennessee Valley,Midwest,0.725,0.515,1452000,27923.077,NA,8311.49,8631.162,8357.157,8265.822,8174.487,8311.49,8402.825,8631.162,8402.825,7991.817,8357.157,8631.162,8448.492,8220.155,8539.827,8402.825,8539.827,8813.832,8950.835,8859.5,8950.835,9224.84,8722.497,9087.837,9133.505,9087.837,8950.835,9224.84,9179.173,9042.17,8813.832,9316.175,9361.843,9224.84,8950.835,8722.497,8905.167,9179.173,9316.175,9087.837,9270.508,9361.843,9087.837,9179.173,9407.51,9179.173,9042.17,8996.502
SUS00030,NA,Nucor Steel Kankakee plant,41.180734, -87.856196,"One Nucor Way, Bourbonnais, Illinois 60914, United States",Nucor Steel Kankakee Inc,Illinois,62.0,Bourbonnais,finished rolled,bar; grating,RFCW,RFC West,Great Lakes,0.735,0.522,794000,15269.231,NA,5613.244,5613.244,5969.343,5847.52,5706.954,5875.633,5810.036,5781.923,5716.326,5838.149,5650.728,5725.697,5772.552,5763.181,5772.552,5819.407,5950.601,6053.682,5875.633,5941.23,6044.311,6072.424,6016.198,5922.488,6016.198,5922.488,6006.827,5978.714,5959.972,5978.714,6091.167,5978.714,6006.827,6091.167,6081.796,5978.714,5988.085,5950.601,5791.294,5735.068,5800.665,5781.923,5856.891,5791.294,5819.407,5800.665,5959.972,5894.375
SUS00031,NA,Nucor Steel Jewett plant,31.351853, -96.165436,"8812 Highway 79 West, Jewett, Texas 75846, United States",Nucor Corp,Texas,48.0,Jewett,finished rolled,bar,SRMV,SERC Mississippi Valley,Southern,0.481,0.341,907000,17442.308,NA,5209.506,5334.593,5150.642,5261.013,5444.964,5408.174,5327.235,5238.938,5459.68,5444.964,5496.471,5474.396,5562.693,5540.619,5643.632,5606.841,5834.941,5790.793,5842.299,5761.361,5776.077,5680.422,5915.88,5908.522,5901.164,5996.819,5901.164,5879.09,5996.819,5967.386,5673.064,5783.435,5709.854,5783.435,5695.138,5650.99,5798.151,5754.003,5746.645,5709.854,5754.003,5790.793,5650.99,5503.829,5474.396,5481.754,5283.087,5202.148
SUS00032,1007921,Nucor-Yamato Steel Blytheville plant,35.941421, -89.713819,"7301 East County Road 142, Blytheville, Arkansas 72315, United States",Nucor Yamato Steel Co,Arkansas,35.0,Blytheville,finished rolled,beam,SRTV,SERC Tennessee Valley,Southern,0.725,0.515,2632000,50615.385,NA,22790.456,23337.685,22532.937,23015.786,23820.534,23659.584,23305.495,22919.216,23884.913,23820.534,24045.863,23949.293,24335.572,24239.002,24689.661,24528.712,25526.599,25333.459,25558.789,25204.7,25269.079,24850.611,25880.688,25848.498,25816.308,26234.777,25816.308,25719.738,26234.777,26106.017,24818.421,25301.269,24979.37,25301.269,24914.99,24721.851,25365.649,25172.51,25140.32,24979.37,25172.51,25333.459,24721.851,24078.053,23949.293,23981.483,23112.355,22758.266
SUS00033,NA,Nucor Steel Tuscaloosa plant,33.234761, -87.508498,"1700 Holt Road, Tuscaloosa, Alabama 35404, United States",Nucor Steel Tuscaloosa Inc,Alabama,38.0,Tuscaloosa,semi-finished; finished rolled,bar; plate; sheet; tubular products,SRSO,SERC South,Southern,0.542,0.385,1200000,23076.923,NA,7776.823,7963.555,7688.949,7853.713,8128.318,8073.397,7952.571,7820.76,8150.286,8128.318,8205.208,8172.255,8304.065,8271.113,8424.892,8369.971,8710.481,8644.576,8721.466,8600.639,8622.608,8479.813,8831.308,8820.323,8809.339,8952.134,8809.339,8776.387,8952.134,8908.197,8468.829,8633.592,8523.75,8633.592,8501.781,8435.876,8655.56,8589.655,8578.671,8523.75,8589.655,8644.576,8435.876,8216.192,8172.255,8183.239,7886.665,7765.839
SUS00034,NA,Nucor Steel Plymouth plant,41.882789, -112.196743,"7285 W 21200 N West Cemetery Road, Plymouth, Utah 84330, United States",Nucor Corp,Utah,42.0,Plymouth,finished rolled,bar,NWPP,WECC Northwest,Western,0.694,0.493,908000,17461.538,NA,6801.92,7393.391,7097.655,7294.812,6900.498,6210.448,6013.291,7491.969,6999.077,6801.92,7196.234,6999.077,6999.077,7491.969,7689.127,7886.284,7294.812,7393.391,7294.812,7590.548,7196.234,7491.969,7491.969,7787.705,7393.391,7294.812,7393.391,7196.234,7491.969,7294.812,7393.391,7886.284,7491.969,6900.498,7491.969,7886.284,7984.862,7491.969,7787.705,7689.127,7393.391,7590.548,7393.391,7491.969,7689.127,7294.812,6900.498,6801.92
SUS00035,NA,Nucor Steel Seattle plant,47.569597, -122.367395,"2424 SW Andover Street, Seattle, Washington 98106, United States",Nucor Steel Seattle Inc,Washington,119.0,Seattle,finished rolled,bar,NWPP,WECC Northwest,Western,0.694,0.493,855000,16442.308,NA,6404.891,6961.838,6683.365,6869.014,6497.716,5847.944,5662.295,7054.663,6590.54,6404.891,6776.189,6590.54,6590.54,7054.663,7240.312,7425.961,6869.014,6961.838,6869.014,7147.487,6776.189,7054.663,7054.663,7333.136,6961.838,6869.014,6961.838,6776.189,7054.663,6869.014,6961.838,7425.961,7054.663,6497.716,7054.663,7425.961,7518.785,7054.663,7333.136,7240.312,6961.838,7147.487,6961.838,7054.663,7240.312,6869.014,6497.716,6404.891
SUS00037,NA,Outokumpu Stainless USA steel plant,31.148179, -87.988660,"1 Steel Dr., Calvert, Alabama, 36513-1300, United States",Outokumpu Stainless Usa LLC,Alabama,16.0,Calvert,crude; semi-finished; finished rolled,"stainless, hot-rolled coil, cold-rolled coil, sheet",SRSO,SERC South,Southern,0.542,0.385,1000000,19230.769,NA,6480.686,6636.296,6407.458,6544.761,6773.598,6727.831,6627.142,6517.3,6791.905,6773.598,6837.673,6810.212,6920.055,6892.594,7020.743,6974.976,7258.734,7203.813,7267.888,7167.199,7185.506,7066.511,7359.423,7350.27,7341.116,7460.112,7341.116,7313.656,7460.112,7423.498,7057.357,7194.66,7103.125,7194.66,7084.818,7029.897,7212.967,7158.046,7148.892,7103.125,7158.046,7203.813,7029.897,6846.826,6810.212,6819.366,6572.221,6471.532
SUS00038,NA,Republic Steel Canton plant,40.804114, -81.334002,"3707 Georgetown St. N.E., Canton, Ohio 44704-2625, United States",Republic Steel,Ohio,137.0,Canton,semi-finished; finished rolled,"hot-rolled bars, hot-rolled coils, cold finished bars, ingots, rod, wire",RFCW,RFC West,North East,0.735,0.522,1092000,21000,NA,7258.079,7653.077,7554.328,7653.077,7751.826,7603.702,8097.449,8196.199,7850.576,7603.702,8097.449,8196.199,7899.95,7406.203,7455.578,7208.705,7258.079,6863.082,7060.581,7455.578,6714.958,7109.955,6863.082,7208.705,7356.829,7702.452,7801.201,7751.826,7356.829,7504.953,8739.32,8591.196,8689.945,8492.447,8739.32,8936.819,8838.069,8689.945,8788.695,8689.945,8739.32,8640.571,8393.697,8097.449,8344.323,8196.199,8887.444,9035.568
SUS00040,NA,Steel Dynamics Butler plant,41.370640, -84.917454,"4500 County Road 59, Butler, Indiana 46721, United States",Steel Dynamics Inc,Indiana,27.0,Butler,semi-finished; finished rolled,sheet,RFCW,RFC West,Great Lakes,0.735,0.522,3000000,57692.308,NA,21208.731,21208.731,22554.193,22093.904,21562.8,22200.124,21952.276,21846.056,21598.207,22058.497,21350.359,21633.614,21810.649,21775.242,21810.649,21987.683,22483.38,22872.856,22200.124,22447.973,22837.449,22943.669,22731.228,22377.159,22731.228,22377.159,22695.821,22589.6,22518.787,22589.6,23014.483,22589.6,22695.821,23014.483,22979.076,22589.6,22625.007,22483.38,21881.462,21669.021,21916.869,21846.056,22129.311,21881.462,21987.683,21916.869,22518.787,22270.938
SUS00041,NA,Steel Dynamics Columbia City plant,41.121613, -85.348602,"2601 County Road 700 East, Columbia City, Indiana 46725, United States",Steel Dynamics Inc,Indiana,21.0,Columbia City,finished rolled,"structurals, rail",RFCW,RFC West,Great Lakes,0.735,0.522,2000000,38461.538,NA,14139.154,14139.154,15036.129,14729.269,14375.2,14800.083,14634.851,14564.037,14398.805,14705.665,14233.573,14422.409,14540.432,14516.828,14540.432,14658.455,14988.92,15248.57,14800.083,14965.315,15224.966,15295.78,15154.152,14918.106,15154.152,14918.106,15130.547,15059.734,15012.524,15059.734,15342.989,15059.734,15130.547,15342.989,15319.384,15059.734,15083.338,14988.92,14587.642,14446.014,14611.246,14564.037,14752.874,14587.642,14658.455,14611.246,15012.524,14847.292
SUS00042,1004616,Steel Dynamics Columbus plant,33.447580, -88.572683,"1945 Airport Road / P.O. Box 1467, Columbus, Mississippi 39701, United States",Steel Dynamics Inc,Mississippi,16.0,Columbus,semi-finished; finished rolled,"structurals, rail",SRTV,SERC Tennessee Valley,Southern,0.725,0.515,3400000,65384.615,NA,29440.559,30147.465,29107.897,29731.638,30771.206,30563.292,30105.883,29606.89,30854.371,30771.206,31062.285,30937.537,31436.529,31311.781,31893.939,31686.026,32975.09,32725.593,33016.672,32559.262,32642.428,32101.853,33432.499,33390.917,33349.334,33889.909,33349.334,33224.586,33889.909,33723.578,32060.27,32684.011,32268.183,32684.011,32185.018,31935.522,32767.176,32517.68,32476.097,32268.183,32517.68,32725.593,31935.522,31103.868,30937.537,30979.119,29856.386,29398.976
SUS00044,NA,Leggett & Platt Sterling Steel plant,41.785971, -89.710947,"101, Ave K, Sterling, Illinois 61081, United States",Sterling Steel Co LLC,Illinois,20.0,Sterling,semi-finished; finished rolled,"billet, rod",RFCW,RFC West,Midwest,0.735,0.522,1698000,32653.846,NA,9861.456,10240.743,9915.64,9807.272,9698.905,9861.456,9969.824,10240.743,9969.824,9482.169,9915.64,10240.743,10024.008,9753.088,10132.375,9969.824,10132.375,10457.478,10620.03,10511.662,10620.03,10945.133,10349.111,10782.581,10836.765,10782.581,10620.03,10945.133,10890.949,10728.397,10457.478,11053.5,11107.684,10945.133,10620.03,10349.111,10565.846,10890.949,11053.5,10782.581,10999.316,11107.684,10782.581,10890.949,11161.868,10890.949,10728.397,10674.213
SUS00045,NA,Timken Faircrest steel plant,40.755388, -81.439369,"4511 Faircrest St. SW, Canton, Ohio 44706, United States",TimkenSteel Corp,Ohio,106.0,Canton,semi-finished; finished rolled,"steel bar, billet, tubing, gears",RFCW,RFC West,North East,0.735,0.522,1200000,23076.923,NA,7975.911,8409.975,8301.459,8409.975,8518.49,8355.717,8898.296,9006.812,8627.006,8355.717,8898.296,9006.812,8681.264,8138.685,8192.943,7921.654,7975.911,7541.848,7758.88,8192.943,7379.075,7813.138,7541.848,7921.654,8084.427,8464.233,8572.748,8518.49,8084.427,8247.201,9603.648,9440.875,9549.391,9332.359,9603.648,9820.68,9712.164,9549.391,9657.906,9549.391,9603.648,9495.133,9223.843,8898.296,9169.585,9006.812,9766.422,9929.196
SUS00048,NA,U.S. Steel Fairfield plant,33.480697, -86.937854,"5700 Valley Road, Fairfield, Alabama 35064, United States",United States Steel Corp,Alabama,3.0,Fairfield,semi-finished; finished rolled,"pipe, flat-rolled products, tubular products",SRSO,SERC South,Southern,0.542,0.385,1600000,30769.231,NA,10369.098,10618.073,10251.933,10471.617,10837.757,10764.529,10603.427,10427.68,10867.049,10837.757,10940.277,10896.34,11072.087,11028.15,11233.189,11159.961,11613.975,11526.101,11628.621,11467.519,11496.81,11306.417,11775.077,11760.431,11745.786,11936.179,11745.786,11701.849,11936.179,11877.596,11291.772,11511.456,11365,11511.456,11335.708,11247.835,11540.747,11452.873,11438.228,11365,11452.873,11526.101,11247.835,10954.922,10896.34,10910.985,10515.554,10354.452
SUS00054,NA,Cleveland-Cliffs Mansfield Works,40.790123, -82.526239,"913 Bowman Street, Mansfield, OH 44903",Cleveland-Cliffs Inc,Ohio,99.0,Mansfield,semi-finished; finished rolled,"Semi-finished hot bands, high chrome ferritic, martensitic stainless steels",RFCW,RFC West,Midwest,0.735,0.522,600000,11538.462,NA,3484.613,3618.637,3503.76,3465.467,3427.175,3484.613,3522.906,3618.637,3522.906,3350.59,3503.76,3618.637,3542.052,3446.321,3580.345,3522.906,3580.345,3695.222,3752.661,3714.368,3752.661,3867.538,3656.93,3810.099,3829.246,3810.099,3752.661,3867.538,3848.392,3790.953,3695.222,3905.83,3924.977,3867.538,3752.661,3656.93,3733.514,3848.392,3905.83,3810.099,3886.684,3924.977,3810.099,3848.392,3944.123,3848.392,3790.953,3771.807
SUS00055,NA,Steel Dynamics Roanoke steel plant,37.272927, -79.998828,"102 Westside Blvd, Roanoke, VA 24017",Steel Dynamics Inc,Virginia,68.0,Roanoke,crude,merchant bars,RFCW,RFC West,Southern,0.735,0.522,660000,12692.308,NA,5798.32,5937.545,5732.802,5855.648,6060.391,6019.442,5929.356,5831.079,6076.77,6060.391,6117.719,6093.15,6191.427,6166.857,6281.513,6240.565,6494.446,6445.308,6502.636,6412.549,6428.928,6322.462,6584.533,6576.343,6568.154,6674.62,6568.154,6543.584,6674.62,6641.861,6314.272,6437.118,6355.221,6437.118,6338.841,6289.703,6453.497,6404.359,6396.169,6355.221,6404.359,6445.308,6289.703,6125.909,6093.15,6101.34,5880.217,5790.13
SUS00056,NA,Steel Dynamics Engineered Bar Products steel plant,39.875508, -86.484214,"8000 North County Road 225 East , Pittsboro, Indiana 46167-9094",Steel Dynamics Inc,Indiana,19.0,Pittsboro,finished rolled,finished bars; round bars; round-corner squares,RFCW,RFC West,Great Lakes,0.735,0.522,725000,13942.308,NA,5125.443,5125.443,5450.597,5339.36,5211.01,5365.03,5305.133,5279.463,5219.567,5330.803,5159.67,5228.123,5270.907,5262.35,5270.907,5313.69,5433.483,5527.607,5365.03,5424.927,5519.05,5544.72,5493.38,5407.813,5493.38,5407.813,5484.823,5459.153,5442.04,5459.153,5561.833,5459.153,5484.823,5561.833,5553.277,5459.153,5467.71,5433.483,5288.02,5236.68,5296.577,5279.463,5347.917,5288.02,5313.69,5296.577,5442.04,5382.143
SUS00057,NA,Vallourec Star Youngstown steel plant,41.125495, -80.683382,"2669 Martin Luther King Jr. Blvd, Youngstown, OH 44510-1033, USA",Vallourec Star LP,Ohio,38.0,Youngstown,finished rolled,pipes,RFCW,RFC West,North East,0.735,0.522,694000,13346.154,NA,4612.735,4863.769,4801.01,4863.769,4926.527,4832.39,5146.181,5208.939,4989.285,4832.39,5146.181,5208.939,5020.664,4706.873,4738.252,4581.356,4612.735,4361.702,4487.219,4738.252,4267.565,4518.598,4361.702,4581.356,4675.494,4895.148,4957.906,4926.527,4675.494,4769.631,5554.11,5459.973,5522.731,5397.214,5554.11,5679.627,5616.868,5522.731,5585.489,5522.731,5554.11,5491.352,5334.456,5146.181,5303.077,5208.939,5648.247,5742.385
SUS00058,1007348,Optimus Steel Beaumont plant,30.08201, -94.074694,"PO BOX 3869, Beaumont, TX 77704, United States",Optimus Steel LLC,Texas,47.0,Beaumont,semi-finished; finished rolled,wire rods; coiled rebar; billets,SRMV,SERC Mississippi Valley,Southern,0.481,0.341,700000,13461.538,NA,4020.567,4117.106,3975.137,4060.318,4202.288,4173.894,4111.427,4043.282,4213.645,4202.288,4242.039,4225.003,4293.148,4276.112,4355.614,4327.22,4503.262,4469.19,4508.941,4446.475,4457.832,4384.008,4565.729,4560.05,4554.371,4628.195,4554.371,4537.335,4628.195,4605.48,4378.329,4463.511,4406.723,4463.511,4395.366,4361.293,4474.868,4440.796,4435.117,4406.723,4440.796,4469.19,4361.293,4247.718,4225.003,4230.681,4077.355,4014.888
SUS00059,NA,NLMK Indiana steel plant,41.625912, -87.159989,"6500 S Boundary Rd, Portage, IN 46368, United States",NLMK Indiana LLC,Indiana,31.0,Portage,finished rolled,"hot rolled, hot rolled pickle & oil, high carbon & alloy hot rolled",RFCW,RFC West,Great Lakes,0.735,0.522,770000,14807.692,NA,5443.574,5443.574,5788.91,5670.769,5534.452,5698.032,5634.418,5607.154,5543.54,5661.681,5479.925,5552.628,5598.066,5588.979,5598.066,5643.505,5770.734,5870.7,5698.032,5761.646,5861.612,5888.875,5834.349,5743.471,5834.349,5743.471,5825.261,5797.997,5779.822,5797.997,5907.051,5797.997,5825.261,5907.051,5897.963,5797.997,5807.085,5770.734,5616.242,5561.715,5625.33,5607.154,5679.856,5616.242,5643.505,5625.33,5779.822,5716.207
SUS00060,NA,Liberty Steel & Wire Peoria plant,41.513249, -87.621438,"7000 S W Adams St. Peoria, IL 61641, United States",Liberty Steel,Illinois,25.0,Peoria,semi-finished; finished rolled,"billet, industrial wire, welded wire reinforcement mesh, PC strand, industrial wire, wire rod, agricultural fence products, bar products billet (melting)",RFCW,RFC West,Midwest,0.735,0.522,725000,13942.308,NA,4210.575,4372.52,4233.71,4187.44,4141.17,4210.575,4256.845,4372.52,4256.845,4048.629,4233.71,4372.52,4279.98,4164.305,4326.25,4256.845,4326.25,4465.06,4534.465,4488.195,4534.465,4673.275,4418.79,4603.87,4627.005,4603.87,4534.465,4673.275,4650.14,4580.735,4465.06,4719.545,4742.68,4673.275,4534.465,4418.79,4511.33,4650.14,4719.545,4603.87,4696.41,4742.68,4603.87,4650.14,4765.815,4650.14,4580.735,4557.6
SUS00062,NA,Finkl Steel Chicago plant,41.724915, -87.589968,"1355 East 93rd Street, Chicago, IL 60619, United States",A Finkl & Sons Co,Illinois,12.0,Chicago,crude; semi-finished; finished rolled,mold steel; die steel; die casting; cold work; bars & custom forgings; billets & ingots,RFCW,RFC West,Great Lakes,0.735,0.522,573000,11019.231,NA,4050.868,4050.868,4307.851,4219.936,4118.495,4240.224,4192.885,4172.597,4125.258,4213.173,4077.919,4132.02,4165.834,4159.071,4165.834,4199.647,4294.326,4368.715,4240.224,4287.563,4361.953,4382.241,4341.665,4274.037,4341.665,4274.037,4334.902,4314.614,4301.088,4314.614,4395.766,4314.614,4334.902,4395.766,4389.004,4314.614,4321.376,4294.326,4179.359,4138.783,4186.122,4172.597,4226.698,4179.359,4199.647,4186.122,4301.088,4253.749
SUS00063,NA,Gerdau Cartersville steel plant,34.241226, -84.799539,"384 Old Grassdale Rd NE, Cartersville, GA 30121, United States",Gerdau Long Steel North America,Georgia,27.0,Cartersville,semi-finished; finished rolled,angles; channels; flats; unequal angles,SRSO,SERC South,Southern,0.542,0.385,908000,17461.538,NA,5884.463,6025.756,5817.972,5942.643,6150.427,6108.87,6017.445,5917.708,6167.05,6150.427,6208.607,6183.673,6283.41,6258.475,6374.835,6333.278,6590.931,6541.063,6599.242,6507.817,6524.44,6416.392,6682.356,6674.045,6665.733,6773.781,6665.733,6640.799,6773.781,6740.536,6408.08,6532.751,6449.637,6532.751,6433.014,6383.146,6549.374,6499.506,6491.194,6449.637,6499.506,6541.063,6383.146,6216.918,6183.673,6191.984,5967.577,5876.151
SUS00066,NA,Gerdau Fort Smith steel plant,35.307055, -94.372912,"5225 Planters Rd, Fort Smith, AR 72916, United States",Gerdau Steel North America Inc,Arkansas,39.0,Fort Smith,semi-finished; finished rolled,unknown,SRMV,SERC Mississippi Valley,Southern,0.481,0.341,550000,10576.923,NA,3159.017,3234.869,3123.322,3190.25,3301.797,3279.488,3230.407,3176.865,3310.721,3301.797,3333.031,3319.645,3373.188,3359.802,3422.268,3399.959,3538.277,3511.506,3542.739,3493.659,3502.582,3444.578,3587.358,3582.896,3578.434,3636.439,3578.434,3565.049,3636.439,3618.591,3440.116,3507.044,3462.425,3507.044,3453.502,3426.73,3515.968,3489.197,3484.735,3462.425,3489.197,3511.506,3426.73,3337.493,3319.645,3324.107,3203.636,3154.555
SUS00067,NA,Gerdau Monroe steel plant,41.894229, -83.358697,"3000 E Front St, Monroe, MI 48161, United States",Gerdau Steel North America Inc,Michigan,43.0,Monroe,semi-finished; finished rolled,unknown,RFCM,RFC Michigan,Great Lakes,0.744,0.529,771000,14826.923,NA,5518.323,5518.323,5868.4,5748.637,5610.449,5776.275,5711.787,5684.149,5619.661,5739.424,5555.173,5628.874,5674.937,5665.724,5674.937,5720.999,5849.975,5951.313,5776.275,5840.763,5942.101,5969.738,5914.463,5822.338,5914.463,5822.338,5905.251,5877.613,5859.188,5877.613,5988.164,5877.613,5905.251,5988.164,5978.951,5877.613,5886.825,5849.975,5693.362,5638.086,5702.574,5684.149,5757.85,5693.362,5720.999,5702.574,5859.188,5794.7
SUS00068,NA,Cascade Steel Rolling Mills,45.228035, -123.163599,"3200 NE Highway 99W, McMinnville, OR 97128 US",Cascade Steel Rolling Mills Inc,Oregon,55.0,McMinnville,semi-finished; finished rolled,"billets, rebar, wire rod",NWPP,WECC Northwest,Western,0.694,0.493,860000,16538.462,NA,6442.347,7002.551,6722.449,6909.184,6535.714,5882.143,5695.408,7095.918,6629.081,6442.347,6815.816,6629.081,6629.081,7095.918,7282.653,7469.388,6909.184,7002.551,6909.184,7189.286,6815.816,7095.918,7095.918,7376.02,7002.551,6909.184,7002.551,6815.816,7095.918,6909.184,7002.551,7469.388,7095.918,6535.714,7095.918,7469.388,7562.755,7095.918,7376.02,7282.653,7002.551,7189.286,7002.551,7095.918,7282.653,6909.184,6535.714,6442.347
SUS00069,NA,Charter Steel Saukville plant,43.400533, -87.94820,"1658 Cold Springs Road, Saukville, WI 53080, United States",Charter Manufacturing Company Inc,Wisconsin,32.0,Saukville,semi-finished; finished rolled,special bar quality; rod; wire; billets,RFCW,RFC West,Great Lakes,0.735,0.522,550000,10576.923,NA,3888.267,3888.267,4134.935,4050.549,3953.18,4070.023,4024.584,4005.11,3959.671,4044.058,3914.232,3966.163,3998.619,3992.128,3998.619,4031.075,4121.953,4193.357,4070.023,4115.462,4186.866,4206.339,4167.392,4102.479,4167.392,4102.479,4160.901,4141.427,4128.444,4141.427,4219.322,4141.427,4160.901,4219.322,4212.831,4141.427,4147.918,4121.953,4011.601,3972.654,4018.093,4005.11,4057.04,4011.601,4031.075,4018.093,4128.444,4083.005
SUS00070,NA,Charter Steel Cleveland plant,41.443147, -81.659911,"4300 East 49th Street, Cuyahoga Heights, OH 44125, United States",Charter Manufacturing Company Inc,Ohio,17.0,Cuyahoga Heights,semi-finished; finished rolled,special bar quality; rod; wire; billets,RFCW,RFC West,Great Lakes,0.735,0.522,635000,12211.538,NA,4489.181,4489.181,4773.971,4676.543,4564.126,4699.026,4646.565,4624.082,4571.621,4669.049,4519.159,4579.115,4616.587,4609.093,4616.587,4654.06,4758.982,4841.421,4699.026,4751.488,4833.927,4856.41,4811.443,4736.499,4811.443,4736.499,4803.949,4781.465,4766.476,4781.465,4871.399,4781.465,4803.949,4871.399,4863.904,4781.465,4788.96,4758.982,4631.576,4586.609,4639.071,4624.082,4684.037,4631.576,4654.06,4639.071,4766.476,4714.015
SUS00073,NA,CMC Steel Florida plant,30.282907, -81.978735,"16770 Rebar Road, Jacksonville, FL 32234, United States",Commercial Metals Co,Florida,17.0,Jacksonville,finished rolled,rebar; wire rod,FRCC,FRCC All,Southern,0.449,0.319,949000,18250,NA,5094.403,5216.727,5036.839,5144.772,5324.659,5288.681,5209.531,5123.185,5339.05,5324.659,5375.027,5353.441,5439.787,5418.2,5518.937,5482.96,5706.02,5662.847,5713.215,5634.065,5648.456,5554.914,5785.17,5777.974,5770.779,5864.32,5770.779,5749.192,5864.32,5835.538,5547.719,5655.651,5583.696,5655.651,5569.305,5526.132,5670.042,5626.869,5619.674,5583.696,5626.869,5662.847,5526.132,5382.223,5353.441,5360.636,5166.358,5087.208
SUS00074,NA,CMC Steel New Jersey plant,40.478824, -74.321187,"1 Crossman Road North, Sayreville, NJ 08872, United States",Commercial Metals Co,New Jersey,29.0,Sayreville,finished rolled,rebar; rounds,RFCE,RFC East,North East,0.505,0.358,653000,12557.692,NA,2977.887,3139.949,3099.433,3139.949,3180.464,3119.691,3322.269,3362.784,3220.98,3119.691,3322.269,3362.784,3241.238,3038.66,3058.918,2957.629,2977.887,2815.825,2896.856,3058.918,2755.052,2917.114,2815.825,2957.629,3018.403,3160.207,3200.722,3180.464,3018.403,3079.176,3585.619,3524.846,3565.361,3484.33,3585.619,3666.65,3626.135,3565.361,3605.877,3565.361,3585.619,3545.104,3443.815,3322.269,3423.557,3362.784,3646.392,3707.166
SUS00075,NA,CMC Alabama steel plant,33.534372, -86.75773,"101 South 50th St., Birmingham, AL 35212, United States",Commercial Metals Co,Alabama,29.0,Birmingham,finished rolled,equal angles; unequal angles; flats; channels,SRSO,SERC South,Southern,0.542,0.385,653000,12557.692,NA,4231.888,4333.501,4184.07,4273.729,4423.16,4393.274,4327.524,4255.797,4435.114,4423.16,4465,4447.069,4518.796,4500.864,4584.545,4554.659,4739.954,4704.09,4745.931,4680.181,4692.136,4614.431,4805.703,4799.726,4793.749,4871.453,4793.749,4775.817,4871.453,4847.544,4608.454,4698.113,4638.34,4698.113,4626.386,4590.523,4710.067,4674.204,4668.227,4638.34,4674.204,4704.09,4590.523,4470.978,4447.069,4453.046,4291.66,4225.911
SUS00076,NA,CMC South Carolina steel plant,33.962272, -81.052011,"310 New State Rd., Cayce, SC 29033, United States",Commercial Metals Co,South Carolina,31.0,Cayce,finished rolled,equal angles; unequal angles; flats; channels; rebar; rounds; squares,SRVC,SERC Virginia/Carolina,Southern,0.538,0.382,776000,14923.077,NA,4990.844,5110.681,4934.451,5040.189,5216.419,5181.173,5103.632,5019.041,5230.518,5216.419,5265.764,5244.616,5329.207,5308.059,5406.748,5371.502,5590.028,5547.732,5597.077,5519.535,5533.634,5441.994,5667.569,5660.52,5653.471,5745.11,5653.471,5632.323,5745.11,5716.914,5434.945,5540.683,5470.191,5540.683,5456.093,5413.797,5554.782,5512.486,5505.437,5470.191,5512.486,5547.732,5413.797,5272.813,5244.616,5251.665,5061.337,4983.795
SUS00077,NA,CMC Tennessee steel plant,35.978104, -83.956572,"1919 Tennessee Avenue, Knoxville, TN 37921, United States",Commercial Metals Co,Tennessee,23.0,Knoxville,finished rolled,rebar,SRTV,SERC Tennessee Valley,Southern,0.725,0.515,544000,10461.538,NA,4710.489,4823.594,4657.264,4757.062,4923.393,4890.127,4816.941,4737.102,4936.699,4923.393,4969.966,4950.006,5029.845,5009.885,5103.03,5069.764,5276.014,5236.095,5282.668,5209.482,5222.788,5136.296,5349.2,5342.547,5335.893,5422.385,5335.893,5315.934,5422.385,5395.773,5129.643,5229.442,5162.909,5229.442,5149.603,5109.683,5242.748,5202.829,5196.176,5162.909,5202.829,5236.095,5109.683,4976.619,4950.006,4956.659,4777.022,4703.836
SUS00078,NA,CMC Arizona steel plant,33.285828, -111.586561,"11444 East Germann Rd., Mesa, AZ 85212, United States",Commercial Metals Co,Arizona,14.0,Mesa,finished rolled,rebar,AZNM,WECC Southwest,Western,0.591,0.42,354000,6807.692,NA,2258.251,2454.621,2356.436,2421.893,2290.979,2061.882,1996.425,2487.349,2323.708,2258.251,2389.164,2323.708,2323.708,2487.349,2552.806,2618.262,2421.893,2454.621,2421.893,2520.077,2389.164,2487.349,2487.349,2585.534,2454.621,2421.893,2454.621,2389.164,2487.349,2421.893,2454.621,2618.262,2487.349,2290.979,2487.349,2618.262,2650.991,2487.349,2585.534,2552.806,2454.621,2520.077,2454.621,2487.349,2552.806,2421.893,2290.979,2258.251
SUS00082,NA,Alton Steel plant,38.884465, -90.14579,"#5 Cut St, Alton, IL 62002 United States",Alton Steel Inc,Illinois,20.0,Alton,finished rolled,SBQ; coil; MBQ; RCS,SRMW,SERC Midwest,Midwest,0.893,0.634,680388.75,13084.399,NA,4800.125,4984.745,4826.499,4773.75,4721.002,4800.125,4852.873,4984.745,4852.873,4615.505,4826.499,4984.745,4879.248,4747.376,4931.996,4852.873,4931.996,5090.242,5169.365,5116.616,5169.365,5327.611,5037.494,5248.488,5274.862,5248.488,5169.365,5327.611,5301.237,5222.114,5090.242,5380.36,5406.734,5327.611,5169.365,5037.494,5142.991,5301.237,5380.36,5248.488,5353.985,5406.734,5248.488,5301.237,5433.108,5301.237,5222.114,5195.739
